09,01,ALACHUA,0052,A.QUINN JONES/EXCEP.STUDENT CENTER,3,-1
09,01,ALACHUA,0082,HOSPITAL HOMEBOUND,5,-1
09,01,ALACHUA,0151,GAINESVILLE HIGH SCHOOL,425,63
09,01,ALACHUA,0201,HAWTHORNE MIDDLE/HIGH SCHOOL,34,21
09,01,ALACHUA,0261,NEWBERRY HIGH SCHOOL,140,64
09,01,ALACHUA,0271,SANTA FE HIGH SCHOOL,315,61
09,01,ALACHUA,0411,PROFESSIONAL ACADEMY MAGNET AT LOFT,61,56
09,01,ALACHUA,0412,HORIZON CENTER. ALTERNATIVE SCHOOL,15,7
09,01,ALACHUA,0421,EASTSIDE HIGH SCHOOL,388,54
09,01,ALACHUA,0431,F. W. BUCHHOLZ HIGH SCHOOL,549,76
09,01,ALACHUA,0961,MICANOPY MIDDLE SCHOOL INC.,9,-1
09,01,ALACHUA,0991,SIATECH GAINESVILLE,6,-1
09,01,ALACHUA,1003,MYCROSCHOOL GAINESVILLE,6,-1
09,02,BAKER,0012,BAKER COUNTY SENIOR HIGH SCHOOL,356,56
09,03,BAY,0061,BAY HIGH SCHOOL,367,48
09,03,BAY,0341,RUTHERFORD HIGH SCHOOL,362,44
09,03,BAY,0491,A. CRAWFORD MOSLEY HIGH SCHOOL,418,66
09,03,BAY,0531,NEW HORIZONS LEARNING CENTER,25,8
09,03,BAY,0541,DEANE BOZEMAN SCHOOL,127,51
09,03,BAY,0551,J.R. ARNOLD HIGH SCHOOL,397,56
09,03,BAY,0581,ROSENWALD HIGH SCHOOL,43,12
09,03,BAY,0741,NORTH BAY HAVEN CAREER ACADEMY,160,78
09,03,BAY,0771,NEWPOINT BAY CHARTER HIGH SCHOOL,49,63
09,03,BAY,7001,BAY VIRTUAL INSTRUCTION PROGRAM,1,-1
09,03,BAY,7004,BAY VIRTUAL FRANCHISE,5,-1
09,03,BAY,7006,BAY VIRTUAL INSTRUCTION,2,-1
09,04,BRADFORD,0021,BRADFORD HIGH SCHOOL,237,46
09,04,BRADFORD,0172,BRADFORD MIDDLE SCHOOL,6,-1
09,04,BRADFORD,0201,BRADFORD INTERVENTION CENTER,4,-1
09,05,BREVARD,0011,TITUSVILLE HIGH SCHOOL,331,69
09,05,BREVARD,0089,FIELDSTON PREPARATORY SCHOOL,5,-1
09,05,BREVARD,0161,ASTRONAUT HIGH SCHOOL,281,57
09,05,BREVARD,0302,SPACE COAST JUNIOR/SENIOR HIGH SCHO,252,62
09,05,BREVARD,1011,ROCKLEDGE SENIOR HIGH SCHOOL,320,64
09,05,BREVARD,1017,NORTH/CENTRAL AREA ALT LEARNING CTR,18,28
09,05,BREVARD,1018,SOUTH AREA ALTERNATIVE LEARNING CEN,8,-1
09,05,BREVARD,1028,DEVEREUX HOSPITAL,7,-1
09,05,BREVARD,1029,RIVERDALE COUNTRY DAY SCHOOL,15,7
09,05,BREVARD,1032,HORACE MANN ACADEMY,9,-1
09,05,BREVARD,1121,COCOA HIGH SCHOOL,223,39
09,05,BREVARD,1171,VIERA HIGH SCHOOL,472,79
09,05,BREVARD,2011,MELBOURNE SENIOR HIGH SCHOOL,539,70
09,05,BREVARD,2021,PALM BAY SENIOR HIGH SCHOOL,334,47
09,05,BREVARD,2211,BAYSIDE HIGH SCHOOL,415,67
09,05,BREVARD,2311,HERITAGE HIGH SCHOOL,482,50
09,05,BREVARD,3011,EAU GALLIE HIGH SCHOOL,434,58
09,05,BREVARD,3141,WESTSHORE JUNIOR/SENIOR HIGH SCHOOL,160,98
09,05,BREVARD,4011,MERRITT ISLAND HIGH SCHOOL,346,66
09,05,BREVARD,4021,EDGEWOOD JR/SR HIGH SCHOOL,157,96
09,05,BREVARD,5011,COCOA BEACH JUNIOR/SENIOR HIGH SCHO,209,81
09,05,BREVARD,6011,SATELLITE SENIOR HIGH SCHOOL,329,73
09,05,BREVARD,6507,ODYSSEY CHARTER SCHOOL,15,47
09,05,BREVARD,7004,BREVARD VIRTUAL FRANCHISE,8,-1
09,06,BROWARD,0171,SOUTH BROWARD HIGH SCHOOL,479,44
09,06,BROWARD,0185,POMPANO BEACH HIGH SCHOOL,322,88
09,06,BROWARD,0211,STRANAHAN HIGH SCHOOL,402,40
09,06,BROWARD,0241,MCARTHUR HIGH SCHOOL,527,46
09,06,BROWARD,0361,BLANCHE ELY HIGH SCHOOL,503,36
09,06,BROWARD,0371,DILLARD HIGH SCHOOL,420,27
09,06,BROWARD,0403,HALLANDALE HIGH SCHOOL,340,31
09,06,BROWARD,0405,LANIER-JAMES EDUCATION CENTER,9,-1
09,06,BROWARD,0452,WHIDDON RODGERS EDUCATION CENTER,88,3
09,06,BROWARD,0592,HALLANDALE ADULT/COMMUNITY CENTER,26,4
09,06,BROWARD,0601,SEAGULL SCHOOL,7,-1
09,06,BROWARD,0653,PINE RIDGE ALTERNATIVE CENTER,3,-1
09,06,BROWARD,0951,FORT LAUDERDALE HIGH SCHOOL,527,63
09,06,BROWARD,1151,CORAL SPRINGS HIGH SCHOOL,633,48
09,06,BROWARD,1241,NORTHEAST HIGH SCHOOL,459,31
09,06,BROWARD,1281,NOVA HIGH SCHOOL,506,62
09,06,BROWARD,1291,WILLIAM T. MCFATTER TECH. CTR,148,93
09,06,BROWARD,1391,LAUDERHILL MIDDLE SCHOOL,24,38
09,06,BROWARD,1451,PLANTATION HIGH SCHOOL,558,36
09,06,BROWARD,1661,HOLLYWOOD HILLS HIGH SCHOOL,578,44
09,06,BROWARD,1681,COCONUT CREEK HIGH SCHOOL,325,23
09,06,BROWARD,1711,DEERFIELD BEACH HIGH SCHOOL,587,40
09,06,BROWARD,1741,BOYD H. ANDERSON HIGH SCHOOL,484,19
09,06,BROWARD,1751,MIRAMAR HIGH SCHOOL,682,43
09,06,BROWARD,1752,WHISPERING PINES SCHOOL,25,12
09,06,BROWARD,1901,PIPER HIGH SCHOOL,611,38
09,06,BROWARD,1931,COOPER CITY HIGH SCHOOL,506,74
09,06,BROWARD,2123,CYPRESS RUN ALTERNATIVE/ESE,6,-1
09,06,BROWARD,2221,ATLANTIC TECHNICAL CENTER,160,89
09,06,BROWARD,2351,SOUTH PLANTATION HIGH SCHOOL,616,50
09,06,BROWARD,2751,J. P. TARAVELLA HIGH SCHOOL,793,50
09,06,BROWARD,2831,WESTERN HIGH SCHOOL,749,63
09,06,BROWARD,3011,MARJORY STONEMAN DOUGLAS HS,772,69
09,06,BROWARD,3222,CROSS CREEK SCHOOL,13,15
09,06,BROWARD,3391,CHARLES W FLANAGAN HIGH SCHOOL,677,60
09,06,BROWARD,3541,MONARCH HIGH SCHOOL,576,57
09,06,BROWARD,3623,CYPRESS BAY HIGH SCHOOL,1070,79
09,06,BROWARD,3651,DAVE THOMAS EDUCATION CENTER,75,17
09,06,BROWARD,3731,EVERGLADES HIGH SCHOOL,533,52
09,06,BROWARD,3861,CORAL GLADES HIGH SCHOOL,584,50
09,06,BROWARD,3971,WEST BROWARD HIGH SCHOOL,624,71
09,06,BROWARD,5005,BEN GAMLA CHARTER HIGH SCHOOL,54,52
09,06,BROWARD,5006,SOMERSET PREP ACADEMY HIGH AT N LAU,58,36
09,06,BROWARD,5007,SOMERSET ACADEMY CHARTER HIGH SCHOO,78,47
09,06,BROWARD,5009,MAVERICKS HIGH OF NORTH BROWARD COU,12,0
09,06,BROWARD,5028,ACADEMIC SOLUTIONS HIGH SCHOOL,32,22
09,06,BROWARD,5032,FLAGLER HIGH,1,-1
09,06,BROWARD,5060,SUNED HIGH SCHOOL,21,0
09,06,BROWARD,5091,CITY OF CORAL SPRINGS CHARTER,243,74
09,06,BROWARD,5121,CITY/PEMBROKE PINES CHARTER HS,454,83
09,06,BROWARD,5221,SOMERSET ACADEMY CHARTER HIGH,291,77
09,06,BROWARD,5322,PIVOT CHARTER SCHOOL,38,29
09,06,BROWARD,5323,MELROSE HIGH,28,0
09,06,BROWARD,5331,DOLPHIN PARK HIGH,7,-1
09,06,BROWARD,5341,NORTH UNIVERSITY HIGH,4,-1
09,06,BROWARD,5351,LAUDERHILL HIGH,16,0
09,06,BROWARD,5390,NEW GENERATION PREP HIGH SCHOOL,100,21
09,06,BROWARD,5396,SOMERSET ARTS CONSERVATORY,34,82
09,06,BROWARD,5416,INTERNATIONAL SCHOOL OF BROWARD,33,39
09,06,BROWARD,5417,IGENERATION EMPOWERMENT ACADEMY,14,21
09,06,BROWARD,5481,MAVERICKS HIGH OF CENTRAL BROWARD C,22,14
09,06,BROWARD,6501,OFF CAMPUS LEARNING,24,17
09,06,BROWARD,7004,BROWARD VIRTUAL FRANCHISE,44,84
09,07,CALHOUN,0021,BLOUNTSTOWN HIGH SCHOOL,114,61
09,07,CALHOUN,0101,ALTHA PUBLIC SCHOOL,38,66
09,07,CALHOUN,7001,CALHOUN VIRTUAL INSTRUCTION PROGRAM,5,-1
09,08,CHARLOTTE,0031,CHARLOTTE HIGH SCHOOL,443,50
09,08,CHARLOTTE,0042,CHARLOTTE HARBOR SCHOOL,5,-1
09,08,CHARLOTTE,0051,LEMON BAY HIGH SCHOOL,303,56
09,08,CHARLOTTE,0151,PORT CHARLOTTE HIGH SCHOOL,408,53
09,08,CHARLOTTE,0161,CHARLOTTE TECHNICAL CENTER,14,21
09,08,CHARLOTTE,0282,AMI KIDS CROSSROADS,1,-1
09,08,CHARLOTTE,0502,EDISON COLLEGIATE HIGH SCHOOL,95,85
09,08,CHARLOTTE,7004,CHARLOTTE VIRTUAL FRANCHISE,6,-1
09,09,CITRUS,0031,CITRUS HIGH SCHOOL,358,54
09,09,CITRUS,0121,CRYSTAL RIVER HIGH SCHOOL,355,52
09,09,CITRUS,0163,LECANTO HIGH SCHOOL,363,65
09,09,CITRUS,0201,CREST SCHOOL,7,-1
09,09,CITRUS,0215,ACADEMY OF ENVIRON. SCIENCES,44,95
09,09,CITRUS,0321,CITRUS COUNTY RENAISSANCE CENTER,24,17
09,10,CLAY,0020,FLORIDA YOUTH CHALLENGE ACADEMY,6,-1
09,10,CLAY,0111,R. C. BANNERMAN LEARNING CENTER,41,10
09,10,CLAY,0252,ORANGE PARK HIGH SCHOOL,395,48
09,10,CLAY,0311,KEYSTONE HEIGHTS JUNIOR/SENIOR HIGH,198,48
09,10,CLAY,0341,CLAY HIGH SCHOOL,362,57
09,10,CLAY,0391,MIDDLEBURG HIGH SCHOOL,416,56
09,10,CLAY,0431,RIDGEVIEW HIGH SCHOOL,357,65
09,10,CLAY,0551,FLEMING ISLAND HIGH SCHOOL,541,70
09,10,CLAY,0661,OAKLEAF HIGH SCHOOL,537,61
09,10,CLAY,7023,CLAY VIRTUAL ACADEMY,28,61
09,11,COLLIER,0051,EVERGLADES CITY SCHOOL,17,41
09,11,COLLIER,0151,NAPLES HIGH SCHOOL,483,55
09,11,COLLIER,0261,LELY HIGH SCHOOL,422,49
09,11,COLLIER,0271,IMMOKALEE HIGH SCHOOL,379,35
09,11,COLLIER,0282,LORENZO WALKER TECHNICAL HIGH SCHOO,144,67
09,11,COLLIER,0311,BARRON COLLIER HIGH SCHOOL,396,71
09,11,COLLIER,0392,GULF COAST HIGH SCHOOL,512,73
09,11,COLLIER,0493,PALMETTO RIDGE HIGH SCHOOL,455,55
09,11,COLLIER,0501,GOLDEN GATE HIGH SCHOOL,416,45
09,11,COLLIER,7001,COLLIER VIRTUAL INSTRUCTION PROGRAM,2,-1
09,11,COLLIER,9004,IMMOKALEE TEEN PARENTING PROG,1,-1
09,11,COLLIER,9008,NAPLES AREA TEENAGE PARENTING,3,-1
09,11,COLLIER,9015,THE PHOENIX PROGRAM NAPLES,9,-1
09,11,COLLIER,9026,THE PHOENIX PROGRAM-IMMOKALEE,6,-1
09,11,COLLIER,9032,MARCO ISLAND ACADEMY,44,68
09,12,COLUMBIA,0011,COLUMBIA HIGH SCHOOL,496,51
09,12,COLUMBIA,0123,FORT WHITE HIGH SCHOOL,167,44
09,12,COLUMBIA,0221,CHALLENGE LEARNING CENTER,6,-1
09,12,COLUMBIA,7004,COLUMBIA VIRTUAL FRANCHISE,1,-1
09,13,MIAMI DADE,6040,DOCTORS CHARTER SCHOOL OF MIAMI SHO,95,62
09,13,MIAMI DADE,6081,CUTLER BAY ACAD CENTENNIAL CAMPUS,127,79
09,13,MIAMI DADE,6997,MATER VIRTUAL ACADEMY CHARTER MIDDL,1,-1
09,13,MIAMI DADE,7001,MIAMI-DADE ONLINE ACADEMY,9,-1
09,13,MIAMI DADE,7007,INTERNATIONAL STUDIES CHARTER,106,78
09,13,MIAMI DADE,7009,DORAL PERFORMING ARTS & ENTERTAINME,74,89
09,13,MIAMI DADE,7011,AMERICAN SENIOR HIGH SCHOOL,530,38
09,13,MIAMI DADE,7014,MATER PERFORMING ARTS & ENTERTAINME,94,93
09,13,MIAMI DADE,7015,STELLAR LEADERSHIP ACADEMY,14,0
09,13,MIAMI DADE,7016,SPORTS LEADERSHIP OF MIAMI CHARTER,111,45
09,13,MIAMI DADE,7018,MATER ACADEMY LAKES HIGH SCHOOL,295,64
09,13,MIAMI DADE,7020,DORAL ACADEMY CHARTER HIGH SCHOOL,428,76
09,13,MIAMI DADE,7022,ACADEMY OF ARTS & MINDS,75,60
09,13,MIAMI DADE,7024,MATER ACADEMY HIGH OF INTERNATIONAL,25,48
09,13,MIAMI DADE,7025,MATER BRICKELL PREPARATORY ACADEMY,17,47
09,13,MIAMI DADE,7029,TERRA ENVIRONMENTAL RESEARCH INSTIT,457,92
09,13,MIAMI DADE,7031,MAST @ FIU,84,88
09,13,MIAMI DADE,7032,PALM GLADES PREPARATORY ACADEMY HIG,114,33
09,13,MIAMI DADE,7033,LAW ENFORCEMENT OFFICERS MEMORIAL H,102,70
09,13,MIAMI DADE,7034,SOMERSET ACADEMY PREPARATORY CHARTE,24,33
09,13,MIAMI DADE,7036,LAWRENCE ACADEMY SENIOR HIGH CHARTE,19,16
09,13,MIAMI DADE,7037,MATER ACADEMY EAST CHARTER HIGH SCH,110,45
09,13,MIAMI DADE,7038,SOMERSET ACADEMY HIGH SCHOOL SOUTH,7,-1
09,13,MIAMI DADE,7042,SOMERSET ACADEMY CHARTER HIGH SCHOO,102,67
09,13,MIAMI DADE,7048,ALONZO TRACY MOURNING SENIOR HIGH B,361,55
09,13,MIAMI DADE,7049,WESTLAND HIALEAH SENIOR HIGH SCHOOL,520,38
09,13,MIAMI DADE,7050,KEYS GATE CHARTER HIGH SCHOOL,358,40
09,13,MIAMI DADE,7051,G. HOLMES BRADDOCK SENIOR HIGH,933,59
09,13,MIAMI DADE,7053,PINECREST PREPARATORY ACADEMY CHART,146,58
09,13,MIAMI DADE,7055,YOUNG WOMENS PREPARATORY ACADEMY,51,86
09,13,MIAMI DADE,7056,YOUNG MEN'S PREPARATORY ACADEMY,27,37
09,13,MIAMI DADE,7058,MIAMI COMMUNITY CHARTER HIGH SCHOOL,76,30
09,13,MIAMI DADE,7059,MIAMI ARTS CHARTER,104,82
09,13,MIAMI DADE,7060,EVERGLADES PREPARATORY ACADEMY HIGH,178,54
09,13,MIAMI DADE,7062,MAVERICKS HIGH OF NORTH MIAMI DADE,28,0
09,13,MIAMI DADE,7065,MAVERICKS HIGH OF SOUTH MIAMI DADE,59,15
09,13,MIAMI DADE,7066,LBA CONSTRUCTION AND BUSINESS MANAG,65,65
09,13,MIAMI DADE,7067,GREEN SPRINGS HIGH SCHOOL CHARTER,25,16
09,13,MIAMI DADE,7068,NORTH GARDENS HIGH SCHOOL CHARTER,19,11
09,13,MIAMI DADE,7069,NORTH PARK HIGH SCHOOL CHARTER,26,8
09,13,MIAMI DADE,7070,YOUTH CO-OP PREPARATORY HIGH SCHOOL,50,66
09,13,MIAMI DADE,7071,CORAL GABLES SENIOR HIGH SCHOOL,818,52
09,13,MIAMI DADE,7080,CHARTER HIGH SCHOOL OF THE AMERICAS,62,68
09,13,MIAMI DADE,7081,DESIGN & ARCHITECTURE SENIOR HIGH,137,97
09,13,MIAMI DADE,7090,IMATER PREPARATORY ACADEMY HIGH SCH,133,45
09,13,MIAMI DADE,7101,CORAL REEF SENIOR HIGH SCHOOL,852,87
09,13,MIAMI DADE,7111,HIALEAH SENIOR HIGH SCHOOL,632,38
09,13,MIAMI DADE,7121,JOHN A. FERGUSON SENIOR HIGH,1057,61
09,13,MIAMI DADE,7131,HIALEAH-MIAMI LAKES SENIOR HIGH,457,39
09,13,MIAMI DADE,7141,DR MICHAEL M. KROP SENIOR HIGH,718,59
09,13,MIAMI DADE,7151,HOMESTEAD SENIOR HIGH SCHOOL,446,27
09,13,MIAMI DADE,7160,MATER ACADEMY CHARTER HIGH,429,59
09,13,MIAMI DADE,7161,MAST ACADEMY,258,95
09,13,MIAMI DADE,7171,MEDICAL ACADEMY FOR SCIENCE/TECH @,111,89
09,13,MIAMI DADE,7191,HIALEAH GARDENS SENIOR HIGH SCHOOL,829,46
09,13,MIAMI DADE,7201,MIAMI BEACH SENIOR HIGH SCHOOL,562,55
09,13,MIAMI DADE,7231,MIAMI CAROL CITY SENIOR HIGH,409,27
09,13,MIAMI DADE,7241,RONALD W. REAGAN/DORAL SENIOR HIGH,498,67
09,13,MIAMI DADE,7251,MIAMI CENTRAL SENIOR HIGH SCHOOL,505,19
09,13,MIAMI DADE,7262,CITY OF HIALEAH EDUCATION ACADEMY,104,47
09,13,MIAMI DADE,7265,ARCHIMEDEAN UPPER CONSERVATORY CHAR,76,95
09,13,MIAMI DADE,7271,MIAMI CORAL PARK SENIOR HIGH,690,45
09,13,MIAMI DADE,7291,JOSE MARTI MAST 6-12 ACADEMY,60,93
09,13,MIAMI DADE,7301,MIAMI EDISON SENIOR HIGH SCHOOL,192,23
09,13,MIAMI DADE,7341,MIAMI JACKSON SENIOR HIGH SCHOOL,423,24
09,13,MIAMI DADE,7351,ARTHUR AND POLLY MAYS CONSERVATORY,71,24
09,13,MIAMI DADE,7361,MIAMI KILLIAN SENIOR HIGH SCHOOL,590,46
09,13,MIAMI DADE,7371,ROBERT MORGAN EDUCATIONAL CENTER,592,58
09,13,MIAMI DADE,7381,MIAMI NORLAND SENIOR HIGH SCHOOL,368,23
09,13,MIAMI DADE,7391,MIAMI LAKES EDUCATIONAL CENTER,380,64
09,13,MIAMI DADE,7411,MIAMI NORTHWESTERN SENIOR HIGH,372,18
09,13,MIAMI DADE,7431,MIAMI PALMETTO SENIOR HIGH SCHOOL,614,61
09,13,MIAMI DADE,7461,MIAMI SENIOR HIGH SCHOOL,727,37
09,13,MIAMI DADE,7511,MIAMI SPRINGS SENIOR HIGH SCHOOL,420,40
09,13,MIAMI DADE,7531,MIAMI SUNSET SENIOR HIGH SCHOOL,444,45
09,13,MIAMI DADE,7541,NORTH MIAMI BEACH SENIOR HIGH,428,36
09,13,MIAMI DADE,7571,INTERNATIONAL STUDIES PREPARATORY A,91,70
09,13,MIAMI DADE,7581,I PREPARATORY ACADEMY,45,96
09,13,MIAMI DADE,7591,NORTH MIAMI SENIOR HIGH SCHOOL,646,29
09,13,MIAMI DADE,7601,WILLIAM H. TURNER TECHNICAL ARTS HI,423,52
09,13,MIAMI DADE,7631,MIAMI MACARTHUR SOUTH,19,0
09,13,MIAMI DADE,7701,SOUTH DADE SENIOR HIGH SCHOOL,812,33
09,13,MIAMI DADE,7721,SOUTH MIAMI SENIOR HIGH SCHOOL,568,43
09,13,MIAMI DADE,7731,MIAMI SOUTHRIDGE SENIOR HIGH,501,28
09,13,MIAMI DADE,7741,SOUTHWEST MIAMI SENIOR HIGH,763,49
09,13,MIAMI DADE,7751,BARBARA GOLEMAN SENIOR HIGH,384,50
09,13,MIAMI DADE,7781,FELIX VARELA SENIOR HIGH SCHOOL,755,55
09,13,MIAMI DADE,7791,BOOKER T. WASHINGTON SENIOR HIGH,220,20
09,13,MIAMI DADE,7812,MIAMI BRIDGE SOUTH,4,-1
09,13,MIAMI DADE,7819,BOYSTOWN,15,-1
09,13,MIAMI DADE,7823,HERE'S HELP,8,-1
09,13,MIAMI DADE,7826,JACKSON SIPP/CHILD CRISIS,3,-1
09,13,MIAMI DADE,7832,MIAMI BRIDGE NORTH,3,-1
09,13,MIAMI DADE,7835,RICHMOND PERRINE OPTIMIST,10,0
09,13,MIAMI DADE,7840,TURNER/GUILFORD/KNIGHT,8,-1
09,13,MIAMI DADE,7860,SECONDARY STUDENT SUCCESS CTR 801,8,-1
09,13,MIAMI DADE,7861,SECONDARY STUDENT SUCCESS CTR 802,6,-1
09,13,MIAMI DADE,7862,SECONDARY STUDENT SUCCESS CTR 803,10,0
09,13,MIAMI DADE,7863,SECONDARY STUDENT SUCCESS CTR-804,4,-1
09,13,MIAMI DADE,7865,HIS HOUSE,26,-1
09,13,MIAMI DADE,7901,NEW WORLD SCHOOL OF THE ARTS,127,89
09,13,MIAMI DADE,8019,ACADEMY FOR COMMUNITY ED (ACE),19,26
09,13,MIAMI DADE,8101,JAN MANN OPPORTUNITY SCHOOL,20,5
09,13,MIAMI DADE,8121,COPE CENTER NORTH,19,11
09,13,MIAMI DADE,8131,DOROTHY M. WALLACE COPE CENTER,11,9
09,13,MIAMI DADE,8151,ROBERT RENICK EDUCATION CENTER,6,-1
09,13,MIAMI DADE,8181,RUTH OWENS KRUSE EDUCATION CENTER,13,31
09,13,MIAMI DADE,9732,BRUCIE BALL EDUCATIONAL CENTER,31,32
09,14,DESOTO,0031,DESOTO COUNTY HIGH SCHOOL,333,41
09,14,DESOTO,0291,DESOTO CONNECTIONS,10,10
09,14,DESOTO,9114,REDUCED SERVICES,8,-1
09,15,DIXIE,0021,DIXIE COUNTY HIGH SCHOOL,129,49
09,16,DUVAL,0112,SCHOOL FOR THE FUTURE,141,8
09,16,DUVAL,0141,GRAND PARK CAREER CENTER,21,10
09,16,DUVAL,0331,ROBERT E. LEE HIGH SCHOOL,522,39
09,16,DUVAL,0351,ANDREW JACKSON HIGH SCHOOL,177,17
09,16,DUVAL,0381,BALDWIN MIDDLE-SENIOR HIGH SCHOOL,153,37
09,16,DUVAL,0391,GATEWAY COMMUNITY SERVICES,11,18
09,16,DUVAL,0471,LONE STAR HIGH SCHOOL,34,15
09,16,DUVAL,0501,DROP BACK IN ACADEMY OF DUVAL COUNT,35,9
09,16,DUVAL,0531,DUVAL MYCROSCHOOL,26,12
09,16,DUVAL,0751,PAXON SCHOOL/ADVANCED STUDIES,414,86
09,16,DUVAL,0861,TERRY PARKER HIGH SCHOOL,406,39
09,16,DUVAL,0901,ENGLEWOOD HIGH SCHOOL,442,31
09,16,DUVAL,0961,JEAN RIBAULT HIGH SCHOOL,314,29
09,16,DUVAL,1073,DOUGLAS ANDERSON SCHOOL OF THE ARTS,324,88
09,16,DUVAL,1181,SIATECH,2,-1
09,16,DUVAL,1191,PATHWAYS ACADEMY HIGH SCHOOL,2,-1
09,16,DUVAL,1201,RIVER CITY SCIENCE ACADEMY,131,63
09,16,DUVAL,1311,DUVAL CHARTER HS AT BAYMEADOWS,138,70
09,16,DUVAL,1341,MURRAY HILL HIGH SCHOOL,23,17
09,16,DUVAL,1381,SOMERSET EAGLE HIGH SCHOOL,22,23
09,16,DUVAL,1451,DARNELL COOKMAN MIDDLE/HIGH SCHOOL,122,71
09,16,DUVAL,1531,STANTON COLLEGE PREPARATORY,428,96
09,16,DUVAL,1651,WILLIAM M. RAINES HIGH SCHOOL,272,21
09,16,DUVAL,1761,PRETRIAL DETENTION FACILITY,17,0
09,16,DUVAL,1811,HOSPITAL AND HOMEBOUND,13,31
09,16,DUVAL,1821,YOUTH DEVELOPMENT CENTER,3,-1
09,16,DUVAL,2231,DUNCAN U. FLETCHER HIGH SCHOOL,560,63
09,16,DUVAL,2241,SAMUEL W. WOLFSON HIGH SCHOOL,326,39
09,16,DUVAL,2371,SANDALWOOD HIGH SCHOOL,719,59
09,16,DUVAL,2411,NATHAN B. FORREST HIGH SCHOOL,359,28
09,16,DUVAL,2481,EDWARD H. WHITE HIGH SCHOOL,366,34
09,16,DUVAL,2601,MANDARIN HIGH SCHOOL,594,63
09,16,DUVAL,2651,FIRST COAST HIGH SCHOOL,580,40
09,16,DUVAL,2681,ATLANTIC COAST HIGH SCHOOL,438,59
09,16,DUVAL,2801,FRANK H. PETERSON ACADEMIES,264,37
09,16,DUVAL,2851,A. PHILIP RANDOLPH ACADEMIES,124,33
09,16,DUVAL,5351,ACCLAIM ACAD CHARTER SCH DUVAL CTR,36,22
09,16,DUVAL,5371,FL VIRTUAL ACADEMY AT DUVAL COUNTY,1,-1
09,16,DUVAL,5381,SAN JOSE PREPARATORY HIGH SCHOOL,27,33
09,16,DUVAL,5421,FL HIGH SCH FOR ACCELERATED LEARN,24,0
09,16,DUVAL,7004,DUVAL VIRTUAL ACADEMY FRANCHISE,2,-1
09,16,DUVAL,7023,DUVAL VIRTUAL INSTRUCTION ACADEMY,18,78
09,17,ESCAMBIA,0211,CAMELOT ACADEMY OF ESCAMBIA COUNTY,31,13
09,17,ESCAMBIA,0281,ESCAMBIA HIGH SCHOOL,498,41
09,17,ESCAMBIA,0411,PENSACOLA HIGH SCHOOL,403,42
09,17,ESCAMBIA,0521,J. M. TATE SENIOR HIGH SCHOOL,506,49
09,17,ESCAMBIA,0862,PINE FOREST HIGH SCHOOL,487,31
09,17,ESCAMBIA,0866,JUDY ANDREWS SECOND CHANCE CENTER,34,12
09,17,ESCAMBIA,0924,LAKEVIEW SPECIAL EDUCATION,1,-1
09,17,ESCAMBIA,0933,HOSPITAL & HOMEBOUND,3,-1
09,17,ESCAMBIA,0951,WASHINGTON SENIOR HIGH SCHOOL,437,50
09,17,ESCAMBIA,1231,NORTHVIEW HIGH SCHOOL,132,40
09,17,ESCAMBIA,1251,WEST FLORIDA HIGH SCHOOL/TECHNICAL,375,71
09,17,ESCAMBIA,2036,LAKEVIEW DROPOUT PREVENTION,5,-1
09,17,ESCAMBIA,2067,ESCAMBIA SCH. DIST. JAIL PROG.,4,-1
09,17,ESCAMBIA,2081,ESCAMBIA CHARTER SCHOOL,23,13
09,17,ESCAMBIA,2141,NEWPOINT PENSACOLA,27,48
09,17,ESCAMBIA,7004,ESCAMBIA VIRTUAL ACADEMY,27,70
09,18,FLAGLER,0090,MATANZAS HIGH SCHOOL,389,50
09,18,FLAGLER,0091,FLAGLER-PALM COAST HIGH SCHOOL,634,53
09,18,FLAGLER,7004,IFLAGLER-VIRTUAL FRANCHISE,1,-1
09,19,FRANKLIN,0091,FRANKLIN COUNTY SCHOOLS PK-12,78,55
09,19,FRANKLIN,0101,FRANKLIN COUNTY LEARNING CTR 5-12,1,-1
09,20,GADSDEN,0051,WEST GADSDEN HIGH SCHOOL,54,19
09,20,GADSDEN,0071,EAST GADSDEN HIGH SCHOOL,208,11
09,20,GADSDEN,0231,CARTER PARRAMORE ACADEMY,39,3
09,20,GADSDEN,9102,HOPE ACADEMY,4,-1
09,20,GADSDEN,9104,CROSSROAD ACADEMY,17,82
09,20,GADSDEN,9106,GADSDEN CENTRAL ACADEMY,2,-1
09,20,GADSDEN,9108,DROP BACK IN ACADEMY,1,-1
09,21,GILCHRIST,0021,TRENTON HIGH SCHOOL,83,70
09,21,GILCHRIST,0031,BELL HIGH SCHOOL,94,65
09,22,GLADES,0021,MOORE HAVEN JR./SR. HIGH SCHL,55,36
09,23,GULF,0061,PORT ST. JOE HIGH SCHOOL,87,68
09,23,GULF,0081,WEWAHITCHKA HIGH SCHOOL,56,46
09,24,HAMILTON,0032,HAMILTON COUNTY HIGH SCHOOL,98,32
09,25,HARDEE,0021,HARDEE SENIOR HIGH SCHOOL,363,35
09,25,HARDEE,0081,PIONEER CAREER ACADEMY,4,-1
09,26,HENDRY,0181,LABELLE HIGH SCHOOL,264,34
09,26,HENDRY,0201,CLEWISTON HIGH SCHOOL,246,38
09,26,HENDRY,0301,CLEWISTON YOUTH DEVELOPMENTAL ACADE,3,-1
09,26,HENDRY,0401,LABELLE YOUTH DEVELOPMENTAL ACADEMY,7,-1
09,27,HERNANDO,0051,HERNANDO HIGH SCHOOL,298,47
09,27,HERNANDO,0181,FRANK W. SPRINGSTEAD HIGH SCHOOL,428,60
09,27,HERNANDO,0251,CENTRAL HIGH SCHOOL,276,53
09,27,HERNANDO,0253,WEST HERNANDO MIDDLE SCHOOL,1,-1
09,27,HERNANDO,0331,ENDEAVOR ACADEMY,6,-1
09,27,HERNANDO,0332,HERNANDO COUNTY JAIL,1,-1
09,27,HERNANDO,0351,NATURE COAST TECHNICAL HIGH,295,57
09,27,HERNANDO,0391,WEEKI WACHEE HIGH SCHOOL,376,50
09,27,HERNANDO,7004,HERNANDO ESCHOOL FRANCHISE,3,-1
09,28,HIGHLANDS,0221,SEBRING HIGH SCHOOL,468,45
09,28,HIGHLANDS,0231,AVON PARK HIGH SCHOOL,261,35
09,28,HIGHLANDS,0251,LAKE PLACID HIGH SCHOOL,221,39
09,28,HIGHLANDS,7001,HIGHLANDS VIRTUAL SCHOOL PROGRAM,2,-1
09,28,HIGHLANDS,9007,THE ACADEMY AT YOUTH CARE LANE,4,-1
09,29,HILLSBOROUGH,0043,SPOTO HIGH SCHOOL,327,35
09,29,HILLSBOROUGH,0063,CARVER EXCEPTIONAL CENTER,10,20
09,29,HILLSBOROUGH,0073,LENNARD HIGH SCHOOL,509,42
09,29,HILLSBOROUGH,0089,STEINBRENNER HIGH SCHOOL,565,69
09,29,HILLSBOROUGH,0093,STRAWBERRY CREST HIGH SCHOOL,568,57
09,29,HILLSBOROUGH,0131,ARMWOOD HIGH SCHOOL,482,38
09,29,HILLSBOROUGH,0151,ALONSO HIGH SCHOOL,609,49
09,29,HILLSBOROUGH,0281,BLAKE HIGH SCHOOL-MAGNET,425,49
09,29,HILLSBOROUGH,0291,BRANDON HIGH SCHOOL,458,40
09,29,HILLSBOROUGH,0363,WATERS CAREER CENTER,4,-1
09,29,HILLSBOROUGH,0761,CHAMBERLAIN HIGH SCHOOL,443,32
09,29,HILLSBOROUGH,1291,DURANT HIGH SCHOOL,581,47
09,29,HILLSBOROUGH,1322,EAST BAY HIGH SCHOOL,586,38
09,29,HILLSBOROUGH,1541,FREEDOM HIGH SCHOOL,506,45
09,29,HILLSBOROUGH,1551,GAITHER HIGH SCHOOL,528,52
09,29,HILLSBOROUGH,1881,HILLSBOROUGH HIGH SCHOOL,492,42
09,29,HILLSBOROUGH,2241,KING HIGH SCHOOL,482,44
09,29,HILLSBOROUGH,2421,LETO HIGH SCHOOL,461,30
09,29,HILLSBOROUGH,2972,MENDEZ EXCEPTIONAL CENTER,7,-1
09,29,HILLSBOROUGH,3004,MIDDLETON HIGH SCHOOL,372,45
09,29,HILLSBOROUGH,3171,NEWSOME HIGH SCHOOL,560,72
09,29,HILLSBOROUGH,3371,RIVERVIEW HIGH SCHOOL,600,46
09,29,HILLSBOROUGH,3411,PLANT HIGH SCHOOL,598,77
09,29,HILLSBOROUGH,3431,PLANT CITY HIGH SCHOOL,575,44
09,29,HILLSBOROUGH,3731,ROBINSON HIGH SCHOOL,417,60
09,29,HILLSBOROUGH,3784,JEFFERSON HIGH SCHOOL,350,45
09,29,HILLSBOROUGH,4002,SIMMONS EXCEPTIONAL CENTER,1,-1
09,29,HILLSBOROUGH,4141,BLOOMINGDALE HIGH SCHOOL,466,58
09,29,HILLSBOROUGH,4151,SICKLES HIGH SCHOOL,518,63
09,29,HILLSBOROUGH,4154,SOUTH COUNTY CAREER CENTER,11,9
09,29,HILLSBOROUGH,4155,BOWERS-WHITLEY CAREER CENTER,7,-1
09,29,HILLSBOROUGH,4221,TAMPA BAY TECH HIGH SCHOOL,506,49
09,29,HILLSBOROUGH,4321,DOROTHY THOMAS CENTER,3,-1
09,29,HILLSBOROUGH,4331,NORTH TAMPA ALTERNATIVE SCHOOL,8,-1
09,29,HILLSBOROUGH,4332,BRANDON ALTERNATIVE SCHOOL,17,18
09,29,HILLSBOROUGH,4334,TEEN PARENT EAST PROGRAM,1,-1
09,29,HILLSBOROUGH,4351,TEEN PARENT WEST,5,-1
09,29,HILLSBOROUGH,4353,TEEN PARENT SOUTH,3,-1
09,29,HILLSBOROUGH,4391,ACTS,4,-1
09,29,HILLSBOROUGH,4731,WHARTON HIGH SCHOOL,583,48
09,29,HILLSBOROUGH,5058,FALKENBURG ROAD JAIL,2,-1
09,29,HILLSBOROUGH,5371,HOSPITAL/HOMEBOUND/HOMEBASED PROGRA,19,26
09,29,HILLSBOROUGH,6609,PEPIN ACADEMIES,38,16
09,29,HILLSBOROUGH,6634,BROOKS DEBARTOLO COLLEGIATE HIGH SC,142,82
09,29,HILLSBOROUGH,6646,SEMINOLE HEIGHTS CHARTER HIGH SCHOO,40,10
09,29,HILLSBOROUGH,6656,PIVOT CHARTER SCHOOL,35,31
09,29,HILLSBOROUGH,6659,WEST UNIVERSITY CHARTER HIGH,45,2
09,29,HILLSBOROUGH,6661,BELL CREEK ACADEMY HIGH SCHOOL,106,58
09,29,HILLSBOROUGH,7001,HILLSBOROUGH VIRT INSTR PRGS,5,-1
09,29,HILLSBOROUGH,7023,HILLSBOROUGH VIRTUAL SCHOOL,22,41
09,30,HOLMES,0031,POPLAR SPRINGS HIGH SCHOOL,28,64
09,30,HOLMES,0041,BETHLEHEM HIGH SCHOOL,41,61
09,30,HOLMES,0061,PONCE DE LEON HIGH SCHOOL,46,39
09,30,HOLMES,0261,HOLMES COUNTY HIGH SCHOOL,115,55
09,30,HOLMES,0471,GRADUATION ASSISTANCE PROGRAM,5,-1
09,31,INDIAN RIVER,0031,VERO BEACH HIGH SCHOOL,699,54
09,31,INDIAN RIVER,0033,ALTERNATIVE CENTER FOR EDUCATION,15,13
09,31,INDIAN RIVER,0131,WABASSO SCHOOL,4,-1
09,31,INDIAN RIVER,0291,SEBASTIAN RIVER HIGH SCHOOL,486,58
09,31,INDIAN RIVER,5001,INDIAN RIVER CHARTER HIGH SCHOOL,170,73
09,32,JACKSON,0021,MARIANNA HIGH SCHOOL,209,57
09,32,JACKSON,0121,MALONE HIGH SCHOOL,35,54
09,32,JACKSON,0141,SNEADS HIGH SCHOOL,111,57
09,32,JACKSON,0202,HOPE SCHOOL,2,-1
09,32,JACKSON,0212,JACKSON ALTERNATIVE SCHOOL,11,18
09,32,JACKSON,0251,COTTONDALE HIGH SCHOOL,50,52
09,32,JACKSON,0491,GRACEVILLE HIGH SCHOOL,44,55
09,32,JACKSON,9003,DIST WIDE HOMEBOUND PROGRAM,1,-1
09,33,JEFFERSON,0021,JEFFERSON COUNTY MIDDLE/HIGH SCHOOL,68,26
09,34,LAFAYETTE,0021,LAFAYETTE HIGH SCHOOL,75,51
09,35,LAKE,0081,EUSTIS HIGH SCHOOL,315,54
09,35,LAKE,0161,LEESBURG HIGH SCHOOL,420,38
09,35,LAKE,0181,MT. DORA HIGH SCHOOL,287,51
09,35,LAKE,0211,TAVARES HIGH SCHOOL,329,50
09,35,LAKE,0231,UMATILLA HIGH SCHOOL,219,42
09,35,LAKE,0536,LAKE ACADEMY EUSTIS,9,-1
09,35,LAKE,0701,SOUTH LAKE HIGH SCHOOL,423,54
09,35,LAKE,0801,EAST RIDGE HIGH SCHOOL,539,55
09,35,LAKE,0901,LAKE MINNEOLA HIGH SCHOOL,470,61
09,35,LAKE,7004,LAKE VIRTUAL FRANCHISE,14,57
09,35,LAKE,9010,LAKE ACADEMY LEESBURG,2,-1
09,35,LAKE,9018,ALEE ACADEMY CHARTER SCHOOL,44,18
09,35,LAKE,9022,ALTERNATIVE EDUCATIONAL DEVELOPMENT,8,-1
09,35,LAKE,9031,IMAGINE SCHOOLS AT SOUTH LAKE,1,-1
09,36,LEE,0152,LEE ADOLESCENT MOTHERS PROGRAM,6,-1
09,36,LEE,0221,FORT MYERS HIGH SCHOOL,444,81
09,36,LEE,0241,LEHIGH SENIOR HIGH SCHOOL,461,50
09,36,LEE,0311,NORTH FORT MYERS HIGH SCHOOL,397,70
09,36,LEE,0491,ISLAND COAST HIGH SCHOOL,296,52
09,36,LEE,0511,SOUTH FORT MYERS HIGH SCHOOL,478,40
09,36,LEE,0531,CYPRESS LAKE HIGH SCHOOL,369,55
09,36,LEE,0552,ALTERNATIVE LEARNING CENTER CENTRAL,35,11
09,36,LEE,0591,RIVERDALE HIGH SCHOOL,455,55
09,36,LEE,0621,CAPE CORAL HIGH SCHOOL,437,68
09,36,LEE,0651,ROYAL PALM EXCEPTIONAL SCHOOL CENTE,8,-1
09,36,LEE,0682,SW FL ADDICTION SERVICES-THE VINCE,7,-1
09,36,LEE,0721,MARINER HIGH SCHOOL,403,53
09,36,LEE,0731,ESTERO HIGH SCHOOL,450,58
09,36,LEE,0745,EAST LEE COUNTY HIGH SCHOOL,515,32
09,36,LEE,0752,ALTERNATIVE LEARNING CENTER WEST,13,38
09,36,LEE,0831,DUNBAR HIGH SCHOOL,372,33
09,36,LEE,0861,IDA S. BAKER HIGH SCHOOL,419,62
09,36,LEE,4121,GATEWAY CHARTER HIGH SCHOOL,217,51
09,36,LEE,4155,EDISON COLLEGIATE HIGH SCHOOL,99,90
09,36,LEE,4181,OASIS CHARTER HIGH SCHOOL,186,84
09,36,LEE,4211,PIVOT CHARTER SCHOOL,21,24
09,36,LEE,4212,CITY OF PALMS CHARTER HIGH SCHOOL,6,-1
09,36,LEE,4242,NORTH NICHOLAS HIGH SCHOOL,1,-1
09,36,LEE,4251,CORONADO HIGH SCHOOL,8,-1
09,36,LEE,4302,DJB TECHNICAL ACADEMY,8,-1
09,36,LEE,7004,LEE COUNTY VIRTUAL FRANCHISE,21,86
09,36,LEE,9450,COUNTY WIDE EXCEPTIONAL CHILD PRO,14,21
09,37,LEON,0021,LEON HIGH SCHOOL,519,64
09,37,LEON,0051,JAMES RICKARDS HIGH SCHOOL,327,33
09,37,LEON,0161,AMOS P. GODBY HIGH SCHOOL,343,29
09,37,LEON,0191,SECOND CHANCE AT GHAZVINI LEARNING,13,23
09,37,LEON,0204,SAIL,89,61
09,37,LEON,0452,PACE SECONDARY SCHOOL,9,-1
09,37,LEON,1091,LINCOLN HIGH SCHOOL,531,68
09,37,LEON,1141,LAWTON CHILES HIGH SCHOOL,487,82
09,37,LEON,1211,SUCCESS ACADEMY AT GHAZVINI LEARNIN,48,29
09,37,LEON,1431,CAPITAL CITY HIGH SCHOOL,12,8
09,37,LEON,1519,LEON COUNTY JAIL,4,-1
09,37,LEON,7004,LEON COUNTY VIRTUAL SCHOOL FRANCHIS,9,-1
09,38,LEVY,0021,BRONSON MIDDLE/HIGH SCHOOL,80,50
09,38,LEVY,0023,HILLTOP ALTERNATIVE SCHOOL,8,-1
09,38,LEVY,0024,SUMMIT ACADEMY,3,-1
09,38,LEVY,0041,CEDAR KEY HIGH SCHOOL,16,75
09,38,LEVY,0051,CHIEFLAND HIGH SCHOOL,126,52
09,38,LEVY,0091,WILLISTON HIGH SCHOOL,134,48
09,39,LIBERTY,0021,LIBERTY COUNTY HIGH SCHOOL,86,52
09,39,LIBERTY,0071,HORIZONS SCHOOL,2,-1
09,40,MADISON,0011,MADISON COUNTY HIGH SCHOOL,132,33
09,40,MADISON,0121,JAMES MADISON PREP CHARTER HIGH SCH,40,75
09,40,MADISON,0950,MADISON COUNTY EXCEL ALT SCHOOL,9,-1
09,41,MANATEE,0072,BAYSHORE HIGH SCHOOL,337,35
09,41,MANATEE,0181,MANATEE HIGH SCHOOL,634,50
09,41,MANATEE,0212,CENTRAL HIGH SCHOOL,2,-1
09,41,MANATEE,0351,PALMETTO HIGH SCHOOL,528,37
09,41,MANATEE,0431,SOUTHEAST HIGH SCHOOL,386,37
09,41,MANATEE,0721,LAKEWOOD RANCH HIGH SCHOOL,592,68
09,41,MANATEE,0731,HORIZONS ACADEMY,47,11
09,41,MANATEE,0762,BRADEN RIVER HIGH SCHOOL,528,55
09,41,MANATEE,2062,FLORIDA SHERIFF'S YOUTH RANCH,8,-1
09,41,MANATEE,2068,THE PORT ACADEMY,4,-1
09,41,MANATEE,2073,Y TECHNICAL HIGH SCHOOL,33,3
09,41,MANATEE,2104,MANATEE SCHOOL FOR THE ARTS,200,69
09,41,MANATEE,2141,STATE COLLEGE OF FLORIDA COLLEGIATE,70,83
09,41,MANATEE,7001,MANATEE VIRTUAL INSTRUCTION PROGRAM,3,-1
09,41,MANATEE,7004,MANATEE VIRTUAL FRANCHISE,7,-1
09,42,MARION,0331,NORTH MARION HIGH SCHOOL,323,47
09,42,MARION,0351,FOREST HIGH SCHOOL,526,60
09,42,MARION,0461,VANGUARD HIGH SCHOOL,415,53
09,42,MARION,0501,LAKE WEIR HIGH SCHOOL,418,42
09,42,MARION,0521,DUNNELLON HIGH SCHOOL,289,39
09,42,MARION,0661,BELLEVIEW HIGH SCHOOL,431,46
09,42,MARION,0701,WEST PORT HIGH SCHOOL,666,53
09,42,MARION,7004,MARION VIRTUAL FRANCHISE,2,-1
09,42,MARION,9346,STUDENT SERVICES/ESE,1,-1
09,42,MARION,9412,COMMUNITY TECH ADULT ED. CTR,3,-1
09,42,MARION,9618,SILVER RIVER MENTORING AND INSTRUCT,19,16
09,42,MARION,9690,FRANCIS MARION MILITARY ACADEMY,51,41
09,42,MARION,9731,KINGSBURY ACADEMY,11,0
09,43,MARTIN,0031,MARTIN COUNTY HIGH SCHOOL,542,65
09,43,MARTIN,0070,SANDY PINES,11,18
09,43,MARTIN,0071,ESE HOMEBOUND,2,-1
09,43,MARTIN,0073,SPECTRUM JUNIOR/SENIOR HIGH SCHOOL,26,19
09,43,MARTIN,0241,SOUTH FORK HIGH SCHOOL,508,60
09,43,MARTIN,0294,CHALLENGER SCHOOL,2,-1
09,43,MARTIN,0351,JENSEN BEACH HIGH SCHOOL,404,67
09,44,MONROE,0041,CORAL SHORES HIGH SCHOOL,189,64
09,44,MONROE,0101,KEY WEST HIGH SCHOOL,303,57
09,44,MONROE,0106,KEYS CENTER,2,-1
09,44,MONROE,0131,MARATHON SCHOOL,100,53
09,44,MONROE,0151,ACADEMIC CONNECTIONS FOR EXCELLENCE,1,-1
09,44,MONROE,0382,KEY WEST COLLEGIATE SCHOOL,18,50
09,45,NASSAU,0151,HILLIARD MIDDLE-SENIOR HIGH,119,50
09,45,NASSAU,0191,WEST NASSAU COUNTY HIGH SCHOOL,253,62
09,45,NASSAU,0231,YULEE HIGH SCHOOL,300,56
09,45,NASSAU,0291,FERNANDINA BEACH HIGH SCHOOL,246,67
09,45,NASSAU,7004,NASSAU VIRTUAL FRANCHISE,1,-1
09,46,OKALOOSA,0041,BAKER SCHOOL,109,64
09,46,OKALOOSA,0201,LAUREL HILL SCHOOL,32,50
09,46,OKALOOSA,0211,NICEVILLE SENIOR HIGH SCHOOL,503,82
09,46,OKALOOSA,0581,CHOCTAWHATCHEE SENIOR HIGH SCHOOL,431,65
09,46,OKALOOSA,0601,CRESTVIEW HIGH SCHOOL,521,63
09,46,OKALOOSA,0641,FORT WALTON BEACH HIGH SCHOOL,433,65
09,46,OKALOOSA,0701,CHOICE HIGH SCHOOL AND TECHNICAL CE,54,37
09,46,OKALOOSA,0811,SOUTHSIDE CENTER,1,-1
09,46,OKALOOSA,7023,OKALOOSA ONLINE NON FRANCHISED,16,56
09,46,OKALOOSA,9800,OKALOOSA ACADEMY,71,14
09,46,OKALOOSA,9819,ADJUDICATED YOUTH FACILITY,3,-1
09,47,OKEECHOBEE,0021,OKEECHOBEE FRESHMAN CAMPUS,433,41
09,47,OKEECHOBEE,0101,OKEECHOBEE HIGH SCHOOL,3,-1
09,47,OKEECHOBEE,0113,OKEECHOBEE ACHIEVEMENT ACADEMY,19,0
09,48,ORANGE,0011,HOSPITAL HOMEBOUND,15,53
09,48,ORANGE,0031,LA AMISTAD,7,-1
09,48,ORANGE,0032,ESTEEM ACADEMY,8,-1
09,48,ORANGE,0040,PROSPERITAS LEADERSHIP ACAD CHARTER,40,3
09,48,ORANGE,0042,BETA,7,-1
09,48,ORANGE,0043,UNIVERSITY BEHAVIORAL CENTER,12,8
09,48,ORANGE,0084,SHEELER HIGH CHARTER,33,3
09,48,ORANGE,0085,CHANCERY HIGH CHARTER,26,8
09,48,ORANGE,0089,ORLANDO SCIENCE MIDDLE HIGH CHARTER,79,84
09,48,ORANGE,0111,WILLIAM R BOONE HIGH,732,62
09,48,ORANGE,0113,PROJECT COMPASS,4,-1
09,48,ORANGE,0114,YOUTHFUL OFFENDERS PROGRAM,4,-1
09,48,ORANGE,0119,LEGACY HIGH CHARTER,45,82
09,48,ORANGE,0120,ALOMA HIGH CHARTER,26,12
09,48,ORANGE,0121,EDGEWATER HIGH,447,47
09,48,ORANGE,0122,TRANSITION CENTER,7,-1
09,48,ORANGE,0123,DROP BACK IN,23,4
09,48,ORANGE,0146,CORNERSTONE CHARTER ACADEMY HIGH SC,109,72
09,48,ORANGE,0149,CENTRAL FLORIDA LEADERSHIP ACADEMY,27,48
09,48,ORANGE,0202,SUNSHINE HIGH CHARTER,66,14
09,48,ORANGE,0252,OCOEE HIGH,614,45
09,48,ORANGE,0392,SILVER STAR CENTER,9,-1
09,48,ORANGE,0395,VILLAGE,4,-1
09,48,ORANGE,0441,DEVEREUX TREATMENT PROGRAM,2,-1
09,48,ORANGE,0591,GATEWAY,8,-1
09,48,ORANGE,0661,COLONIAL HIGH,872,39
09,48,ORANGE,0671,MAYNARD EVANS HIGH,760,27
09,48,ORANGE,0691,OAK RIDGE HIGH,683,27
09,48,ORANGE,0764,EXCEL HIGH,48,10
09,48,ORANGE,0931,DR. PHILLIPS HIGH,842,61
09,48,ORANGE,1001,UNIVERSITY HIGH,752,58
09,48,ORANGE,1411,WINTER PARK HIGH,763,73
09,48,ORANGE,1511,WEST ORANGE HIGH,961,66
09,48,ORANGE,1521,APOPKA HIGH,762,50
09,48,ORANGE,1542,WEKIVA HIGH,630,42
09,48,ORANGE,1631,TIMBER CREEK HIGH,764,72
09,48,ORANGE,1632,OLYMPIA HIGH,789,63
09,48,ORANGE,1651,CYPRESS CREEK HIGH,776,48
09,48,ORANGE,1662,FREEDOM HIGH,840,59
09,48,ORANGE,1801,EAST RIVER HIGH,457,48
09,48,ORANGE,1811,ACCELERATION ACADEMY,27,26
09,48,ORANGE,1841,ACCELERATION ACADEMY WEST,14,14
09,48,ORANGE,1951,LAKE NONA HIGH,524,66
09,48,ORANGE,5711,JONES HIGH,258,21
09,48,ORANGE,7004,ORANGE COUNTY VIRTUAL FRANCHISE,19,84
09,49,OSCEOLA,0081,OSCEOLA HIGH SCHOOL,683,36
09,49,OSCEOLA,0151,ACCLAIM ACADEMY OF FLORIDA INC,113,31
09,49,OSCEOLA,0153,FLORIDA VIRTUAL ACADEMY AT OSCEOLA,2,-1
09,49,OSCEOLA,0154,I VIRTUAL LEAGUE ACADEMY,3,-1
09,49,OSCEOLA,0155,AVANT GARDE ACADEMY,22,23
09,49,OSCEOLA,0201,ST. CLOUD HIGH SCHOOL,526,49
09,49,OSCEOLA,0601,GATEWAY HIGH SCHOOL,675,45
09,49,OSCEOLA,0841,POINCIANA HIGH SCHOOL,355,34
09,49,OSCEOLA,0842,LIBERTY HIGH SCHOOL,545,39
09,49,OSCEOLA,0853,NEW DIMENSIONS HIGH SCHOOL,101,63
09,49,OSCEOLA,0862,PROFESSIONAL TECHNICAL HIGH,157,85
09,49,OSCEOLA,0902,CELEBRATION HIGH SCHOOL,528,50
09,49,OSCEOLA,0921,OSCEOLA COUNTY SCHOOL OF ARTS,176,93
09,49,OSCEOLA,0922,HARMONY HIGH SCHOOL,505,58
09,49,OSCEOLA,0959,MAVERICKS HIGH SCHOOL,29,7
09,49,OSCEOLA,7001,OSCEOLA VIRTUAL INSTRUCTION PROGRAM,1,-1
09,49,OSCEOLA,7004,OSCEOLA VIRTUAL FRANCHISE,6,-1
09,49,OSCEOLA,9003,ZENITH,1,-1
09,49,OSCEOLA,9011,CHALLENGER LEARNING,14,0
09,49,OSCEOLA,9020,OASIS ADOLESCENT CAMPUS,4,-1
09,49,OSCEOLA,9036,NEW BEGINNINGS EDUCATION CENTER,69,16
09,49,OSCEOLA,9041,HOSPITAL/HOMEBOUND PROGRAM,6,-1
09,50,PALM BEACH,0081,JUPITER HIGH SCHOOL,674,72
09,50,PALM BEACH,0151,SUNCOAST COMMUNITY HIGH SCHOOL,399,90
09,50,PALM BEACH,0395,ALEXANDER W DREYFOOS JR SCHOOL,340,94
09,50,PALM BEACH,0581,FOREST HILL COMMUNITY HIGH SCHOOL,527,35
09,50,PALM BEACH,0691,LAKE WORTH HIGH SCHOOL,630,34
09,50,PALM BEACH,0842,TURNING POINTS ACADEMY,18,0
09,50,PALM BEACH,0862,ATLANTIC HIGH SCHOOL,559,52
09,50,PALM BEACH,0961,BOCA RATON COMMUNITY HIGH SCHOOL,741,78
09,50,PALM BEACH,1361,JOHN I. LEONARD HIGH SCHOOL,841,37
09,50,PALM BEACH,1371,PALM BEACH GARDENS HIGH SCHOOL,663,46
09,50,PALM BEACH,1461,INLET GROVE COMMUNITY HIGH SCHOOL,249,36
09,50,PALM BEACH,1571,SOUTH TECH ACADEMY,234,53
09,50,PALM BEACH,1611,SANTALUCES COMMUNITY HIGH,573,43
09,50,PALM BEACH,1641,GOLD COAST COMMUNITY SCHOOL,59,10
09,50,PALM BEACH,1681,SPANISH RIVER COMMUNITY HIGH SCHOOL,555,75
09,50,PALM BEACH,1771,PAHOKEE MIDDLE-SENIOR HIGH,126,20
09,50,PALM BEACH,1851,PALM BEACH LAKES HIGH SCHOOL,522,27
09,50,PALM BEACH,2001,PARK VISTA COMMUNITY HIGH SCHOOL,748,72
09,50,PALM BEACH,2181,OLYMPIC HEIGHTS COMMUNITY HIGH,443,66
09,50,PALM BEACH,2191,WELLINGTON HIGH SCHOOL,574,75
09,50,PALM BEACH,2201,WILLIAM T. DWYER HIGH SCHOOL,512,59
09,50,PALM BEACH,2301,GLADES CENTRAL HIGH SCHOOL,251,18
09,50,PALM BEACH,2331,ROYAL PALM BEACH HIGH SCHOOL,578,43
09,50,PALM BEACH,2361,BOYNTON BEACH COMMUNITY HIGH,450,29
09,50,PALM BEACH,2411,INDIAN RIDGE SCHOOL,13,46
09,50,PALM BEACH,2631,PALM BEACH CENTRAL HIGH SCHOOL,700,60
09,50,PALM BEACH,2801,PALM BEACH MARITIME ACADEMY,20,55
09,50,PALM BEACH,2811,VILLAGE ACADEMY ON THE ART SARA J,42,36
09,50,PALM BEACH,3002,PALM BEACH COUNTY JAIL,18,11
09,50,PALM BEACH,3014,CARP,3,-1
09,50,PALM BEACH,3024,HIGHRIDGE FAMILY CENTER,7,-1
09,50,PALM BEACH,3039,ALTERNATIVE PROGRAM CENTRAL,5,-1
09,50,PALM BEACH,3046,SOUTH AREA SECONDARY INTENSIVE TRAN,18,6
09,50,PALM BEACH,3083,RENAISSANCE LEARNING ACADEMY,2,-1
09,50,PALM BEACH,3101,CROSSROADS ACADEMY,21,10
09,50,PALM BEACH,3251,WEST BOCA RATON HIGH SCHOOL,502,68
09,50,PALM BEACH,3347,LEADERSHIP ACADEMY WEST,27,22
09,50,PALM BEACH,3355,RIVIERA BEACH PREPARATORY & ACHIEVE,14,29
09,50,PALM BEACH,3386,TOUSSAINT L'OUVERTURE HIGH,7,-1
09,50,PALM BEACH,3392,CHARTER SCHOOL OF BOYNTON BEACH,30,27
09,50,PALM BEACH,3396,G-STAR SCHOOL OF THE ARTS,288,68
09,50,PALM BEACH,3398,EVERGLADES PREPARATORY ACADEMY,10,0
09,50,PALM BEACH,3400,BELIEVERS ACADEMY,2,-1
09,50,PALM BEACH,3401,QUANTUM HIGH SCHOOL,57,12
09,50,PALM BEACH,3421,WORTHINGTON HIGH SCHOOL,23,26
09,50,PALM BEACH,3443,RIVIERA BEACH MARITIME ACADEMY,51,61
09,50,PALM BEACH,3861,SEMINOLE RIDGE COMMUNITY HIGH SCHOO,553,63
09,50,PALM BEACH,3971,MAVERICKS HIGH SCHOOL AT PALM SPRIN,63,13
09,50,PALM BEACH,4013,SOMERSET ACADEMY CANYONS HIGH SCH,117,67
09,50,PALM BEACH,7004,PALM BEACH VIRTUAL FRANCHISE,6,-1
09,51,PASCO,0031,PASCO HIGH SCHOOL,405,39
09,51,PASCO,0063,WESLEY CHAPEL HIGH SCHOOL,434,54
09,51,PASCO,0073,JAMES W. MITCHELL HIGH SCHOOL,453,70
09,51,PASCO,0081,MOORE-MICKENS EDUCATION CENTER,12,33
09,51,PASCO,0090,WIREGRASS RANCH HIGH SCHOOL,577,69
09,51,PASCO,0101,SUNLAKE HIGH SCHOOL,478,55
09,51,PASCO,0113,ANCLOTE HIGH SCHOOL,406,37
09,51,PASCO,0114,FIVAY HIGH SCHOOL,352,53
09,51,PASCO,0131,ZEPHYRHILLS HIGH SCHOOL,386,42
09,51,PASCO,0242,SCHWETTMAN EDUCATION CENTER,31,23
09,51,PASCO,0331,GULF HIGH SCHOOL,322,51
09,51,PASCO,0471,RIVER RIDGE HIGH SCHOOL,347,60
09,51,PASCO,0521,HUDSON HIGH SCHOOL,324,42
09,51,PASCO,0801,LAND O' LAKES HIGH SCHOOL,416,69
09,51,PASCO,0931,RIDGEWOOD HIGH SCHOOL,298,38
09,51,PASCO,0991,MARCHMAN TECHNICAL EDUCATION CENTER,3,-1
09,51,PASCO,2101,BAYCARE BEHAVIORAL HEALTH,6,-1
09,51,PASCO,2102,AMI KIDS PASCO,12,17
09,51,PASCO,5881,SHERIFF'S DETENTION CENTER,1,-1
09,51,PASCO,7004,PASCO ESCHOOL-VIRTUAL FRANCHISE,10,90
09,51,PASCO,7071,JAMES IRVIN EDUCATION CENTER,29,31
09,52,PINELLAS,0251,BAYSIDE HIGH SCHOOL,9,-1
09,52,PINELLAS,0431,BOCA CIEGA HIGH SCHOOL,409,43
09,52,PINELLAS,0711,CLEARWATER HIGH SCHOOL,438,37
09,52,PINELLAS,0751,COUNTRYSIDE HIGH SCHOOL,509,53
09,52,PINELLAS,1031,DIXIE M. HOLLINS HIGH SCHOOL,479,43
09,52,PINELLAS,1081,DUNEDIN HIGH SCHOOL,389,47
09,52,PINELLAS,1531,GIBBS HIGH SCHOOL,331,32
09,52,PINELLAS,1801,CALVIN A. HUNSINGER SCHOOL,9,-1
09,52,PINELLAS,2031,LAKEWOOD HIGH SCHOOL,281,42
09,52,PINELLAS,2081,LARGO HIGH SCHOOL,433,52
09,52,PINELLAS,2151,LEALMAN INTERMEDIATE,49,4
09,52,PINELLAS,2641,NORTHEAST HIGH SCHOOL,428,39
09,52,PINELLAS,2821,PINELLAS SECONDARY SCHOOL,16,13
09,52,PINELLAS,3031,OSCEOLA FUNDAMENTAL HIGH,440,74
09,52,PINELLAS,3231,RICHARD L. SANDERS SCHOOL,12,8
09,52,PINELLAS,3341,CLEARWATER INTERMEDIATE,93,13
09,52,PINELLAS,3421,PINELLAS PARK HIGH SCHOOL,537,47
09,52,PINELLAS,3781,ST. PETERSBURG HIGH SCHOOL,538,61
09,52,PINELLAS,3921,SEMINOLE HIGH SCHOOL,563,53
09,52,PINELLAS,4521,TARPON SPRINGS HIGH SCHOOL,365,57
09,52,PINELLAS,4681,PALM HARBOR UNIVERSITY HIGH,586,74
09,52,PINELLAS,6181,EAST LAKE HIGH SCHOOL,502,73
09,52,PINELLAS,7023,PINELLAS VIRTUAL K-12,20,75
09,52,PINELLAS,7051,PINELLAS TELESCHOOL,9,-1
09,52,PINELLAS,7071,DROPOUT PREVENTION SCHOOL,5,-1
09,52,PINELLAS,7073,EYES-E-NINI-HASSEE CAMP,2,-1
09,52,PINELLAS,7081,HOSPITAL/HOMEBOUND,18,44
09,52,PINELLAS,7241,GULF COAST ACADEMY,8,-1
09,52,PINELLAS,7371,NEWPOINT CHARTER SCHOOL,17,47
09,52,PINELLAS,7491,MYCROSCHOOL PINELLAS,6,-1
09,52,PINELLAS,7731,ENTERPRISE CHARTER HIGH SCHOOL,1,-1
09,52,PINELLAS,8060,PINELLAS COUNTY JAIL,1,-1
09,53,POLK,0031,LAKELAND SENIOR HIGH SCHOOL,535,53
09,53,POLK,0421,DON E WOODS OPPORTUNITY CENTER,28,7
09,53,POLK,0481,WINTER HAVEN SENIOR HIGH SCHOOL,544,41
09,53,POLK,0791,FT. MEADE MIDDLE/SR. HIGH SCHL,132,44
09,53,POLK,0811,AUBURNDALE SENIOR HIGH SCHOOL,456,39
09,53,POLK,0901,BARTOW SENIOR HIGH SCHOOL,567,46
09,53,POLK,0937,RIDGE COMMUNITY HIGH SCHOOL,604,43
09,53,POLK,1051,TENOROC HIGH SCHOOL,290,31
09,53,POLK,1131,MULBERRY SENIOR HIGH SCHOOL,255,40
09,53,POLK,1181,KATHLEEN SENIOR HIGH SCHOOL,586,39
09,53,POLK,1381,ROOSEVELT ACADEMY,39,0
09,53,POLK,1491,GAUSE ACADEMY OF LEADERSHIP,19,0
09,53,POLK,1591,MAYNARD A. TRAVISS CAREER CENTER,7,-1
09,53,POLK,1671,MCKEEL ACADEMY OF TECHNOLOGY,237,70
09,53,POLK,1691,RIDGE CAREER CENTER,5,-1
09,53,POLK,1721,LAKE WALES SENIOR HIGH SCHOOL,372,39
09,53,POLK,1762,LAKE GIBSON SENIOR HIGH SCHOOL,502,35
09,53,POLK,1791,HAINES CITY SENIOR HIGH SCHOOL,673,37
09,53,POLK,1801,FROSTPROOF MIDDLE/SENIOR HIGH,136,44
09,53,POLK,1931,GEORGE W. JENKINS SENIOR HIGH,547,49
09,53,POLK,1991,LAKE REGION HIGH SCHOOL,467,32
09,53,POLK,2001,BILL DUNCAN OPPORTUNITY CENTER,26,12
09,53,POLK,7023,POLK FULL TIME ESCHOOL,2,-1
09,53,POLK,8002,POLK PRE-COLLEGIATE ACADEMY,50,84
09,53,POLK,9003,HOSPITAL HOMEBOUND,10,30
09,53,POLK,9205,RIDGE TEEN PARENT PROGRAM,4,-1
09,53,POLK,9221,NEW HORIZONS,6,-1
09,53,POLK,9228,POLK COUNTY SHERIFF'S CENTRAL CENTE,8,-1
09,53,POLK,9255,ESE COUNTYWIDE,5,-1
09,54,PUTNAM,0071,PUTNAM EDGE HIGH SCHOOL,49,35
09,54,PUTNAM,0112,INTERLACHEN HIGH SCHOOL,155,39
09,54,PUTNAM,0125,Q.I. ROBERTS JR. - SR. HIGH SCHOOL,75,89
09,54,PUTNAM,0261,CRESCENT CITY JR/SR HIGH SCHL,138,36
09,54,PUTNAM,0301,PALATKA HIGH SCHOOL,311,34
09,54,PUTNAM,0321,ELEANOR H. MILLER SCHOOL,4,-1
09,55,ST JOHNS,0032,GAINES ALTERNATIVE AT HAMBLEN,7,-1
09,55,ST JOHNS,0033,ST. JOHNS TECHNICAL HIGH SCHOOL,25,44
09,55,ST JOHNS,0061,ST JOHNS COUNTY TRANSITION PROGRAM,3,-1
09,55,ST JOHNS,0181,ST. AUGUSTINE HIGH SCHOOL,430,54
09,55,ST JOHNS,0251,ALLEN D NEASE SENIOR HIGH SCHOOL,503,71
09,55,ST JOHNS,0401,PEDRO MENENDEZ HIGH SCHOOL,348,55
09,55,ST JOHNS,0411,BARTRAM TRAIL HIGH SCHOOL,511,80
09,55,ST JOHNS,0492,PONTE VEDRA HIGH SCHOOL,404,89
09,55,ST JOHNS,0493,CREEKSIDE HIGH SCHOOL,508,83
09,55,ST JOHNS,7004,ST. JOHNS VIRTUAL FRANCHISE,13,92
09,56,ST LUCIE,0121,LINCOLN PARK ACADEMY,279,78
09,56,ST LUCIE,0161,FORT PIERCE CENTRAL HIGH SCHOOL,659,50
09,56,ST LUCIE,0162,PERFORMANCE BASED DIPLOMA PROG,7,-1
09,56,ST LUCIE,0201,FORT PIERCE WESTWOOD HIGH SCHOOL,361,31
09,56,ST LUCIE,0205,DALE CASSENS EDUCATION COMPLEX,65,5
09,56,ST LUCIE,0301,PORT ST. LUCIE HIGH SCHOOL,395,43
09,56,ST LUCIE,0401,ST. LUCIE WEST CENTENNIAL HIGH,523,50
09,56,ST LUCIE,0411,TREASURE COAST HIGH SCHOOL,613,50
09,56,ST LUCIE,0712,COLLEGE PREP ACADEMY OF THE TREASUR,114,67
09,56,ST LUCIE,5003,DATA HOUSE,3,-1
09,56,ST LUCIE,5005,ST. LUCIE COUNTY SCHOOL BOARD-JAIL,1,-1
09,56,ST LUCIE,7023,MOSAIC DIGITAL LRNING ACAD ST LUCIE,8,-1
09,57,SANTA ROSA,0021,CENTRAL SCHOOL,47,38
09,57,SANTA ROSA,0103,GULF BREEZE HIGH SCHOOL,425,75
09,57,SANTA ROSA,0141,JAY HIGH SCHOOL,87,52
09,57,SANTA ROSA,0151,MILTON HIGH SCHOOL,462,61
09,57,SANTA ROSA,0182,PACE HIGH SCHOOL,465,67
09,57,SANTA ROSA,0351,NAVARRE HIGH SCHOOL,502,71
09,57,SANTA ROSA,7004,SANTA ROSA VIRTUAL FRANCHISE,4,-1
09,57,SANTA ROSA,8001,LEARNING ACADEMY OF SANTA ROSA,30,20
09,57,SANTA ROSA,9060,BERRYHILL ADMINISTRATIVE COMPLEX,5,-1
09,58,SARASOTA,0021,PINE VIEW SCHOOL,226,99
09,58,SARASOTA,0051,SARASOTA HIGH SCHOOL,567,56
09,58,SARASOTA,0074,SARASOTA MILITARY ACADEMY,279,66
09,58,SARASOTA,0085,BOOKER HIGH SCHOOL,320,41
09,58,SARASOTA,0103,IMAGINE SCHOOL AT NORTH PORT,52,63
09,58,SARASOTA,0181,RIVERVIEW HIGH SCHOOL,616,72
09,58,SARASOTA,0221,VENICE SENIOR HIGH SCHOOL,484,71
09,58,SARASOTA,0293,OAK PARK SCHOOL,1,-1
09,58,SARASOTA,0294,TRIAD,31,29
09,58,SARASOTA,1251,NORTH PORT HIGH SCHOOL,562,55
09,58,SARASOTA,1391,SUNCOAST POLYTECHNICAL HIGH SCHOOL,135,88
09,58,SARASOTA,7001,SARASOTA VIRTUAL INSTRUCTION PROGRA,7,-1
09,59,SEMINOLE,0071,LAKE MARY HIGH SCHOOL,668,65
09,59,SEMINOLE,0181,SEMINOLE HIGH SCHOOL,799,61
09,59,SEMINOLE,0251,CROOMS ACADEMY/INFO TECHNOLOGY,188,82
09,59,SEMINOLE,0311,ENDEAVOR SCHOOL,15,13
09,59,SEMINOLE,0421,OVIEDO HIGH SCHOOL,568,72
09,59,SEMINOLE,0431,LYMAN HIGH SCHOOL,638,61
09,59,SEMINOLE,0491,LAKE BRANTLEY HIGH SCHOOL,616,70
09,59,SEMINOLE,0551,LAKE HOWELL HIGH SCHOOL,502,62
09,59,SEMINOLE,0571,JOURNEYS ACADEMY,38,13
09,59,SEMINOLE,0911,WINTER SPRINGS HIGH SCHOOL,594,58
09,59,SEMINOLE,0931,HAGERTY HIGH SCHOOL,569,76
09,59,SEMINOLE,7004,SEMINOLE COUNTY VIRTUAL FRANCHISE (,26,58
09,59,SEMINOLE,9207,HOSPITAL HOMEBOUND PROGRAM,4,-1
09,59,SEMINOLE,9215,BOYS TOWN,5,-1
09,59,SEMINOLE,9224,SCPS CONSEQUENCE UNIT,2,-1
09,59,SEMINOLE,9234,SEMINOLE COUNTY DETENTION CENTER,2,-1
09,60,SUMTER,0161,WILDWOOD MIDDLE/HIGH SCHOOL,97,43
09,60,SUMTER,0171,SOUTH SUMTER HIGH SCHOOL,250,59
09,60,SUMTER,2001,VILLAGES CHARTER SCHOOL,194,74
09,60,SUMTER,3001,SUMTER ALTERNATIVES,8,-1
09,61,SUWANNEE,0043,SUWANNEE HIGH SCHOOL,350,34
09,61,SUWANNEE,0091,BRANFORD HIGH SCHOOL,112,50
09,61,SUWANNEE,7023,SUWANNEE VIRTUAL SCHOOL,1,-1
09,61,SUWANNEE,9003,FLORIDA SHERIFF'S BOYS RANCH,15,13
09,62,TAYLOR,0131,TAYLOR CO AREA VOC-TECH/ADULT,6,-1
09,62,TAYLOR,0161,TAYLOR COUNTY HIGH SCHOOL,175,47
09,63,UNION,0021,UNION COUNTY HIGH SCHOOL,150,61
09,64,VOLUSIA,1453,DELAND HIGH SCHOOL,607,52
09,64,VOLUSIA,1531,DELAND MIDDLE SCHOOL,1,-1
09,64,VOLUSIA,1551,UNIVERSITY HIGH SCHOOL,743,47
09,64,VOLUSIA,2041,HIGHBANKS LEARNING CENTER,6,-1
09,64,VOLUSIA,3436,MAINLAND HIGH SCHOOL,513,36
09,64,VOLUSIA,3839,NEW SMYRNA BEACH HIGH SCHOOL,491,52
09,64,VOLUSIA,4436,SPRUCE CREEK HIGH SCHOOL,659,68
09,64,VOLUSIA,4941,ATLANTIC HIGH SCHOOL,252,56
09,64,VOLUSIA,5434,RIVERVIEW LEARNING CENTER,8,-1
09,64,VOLUSIA,5836,SEABREEZE HIGH SCHOOL,406,61
09,64,VOLUSIA,6633,T. DEWITT TAYLOR MIDDLE-HIGH,140,35
09,64,VOLUSIA,6761,DELTONA HIGH SCHOOL,428,45
09,64,VOLUSIA,6881,PINE RIDGE HIGH SCHOOL,403,38
09,64,VOLUSIA,7001,VOLUSIA COUNTY VIRTUAL INSTRUCTION,10,60
09,64,VOLUSIA,7841,THE CHILES ACADEMY,6,-1
09,64,VOLUSIA,7891,RICHARD MILBURN ACADEMY,57,16
09,64,VOLUSIA,9802,HALIFAX BEHAVIORAL SERVICES,4,-1
09,64,VOLUSIA,9892,STEWART TREATMENT CENTER,9,-1
09,65,WAKULLA,0021,SECOND CHANCE SCHOOL-SOPCHOPPY,2,-1
09,65,WAKULLA,0071,WAKULLA HIGH SCHOOL,364,58
09,66,WALTON,0101,PAXTON SCHOOL,56,55
09,66,WALTON,0141,FREEPORT SENIOR HIGH SCHOOL,88,61
09,66,WALTON,0153,SOUTH WALTON HIGH SCHOOL,140,74
09,66,WALTON,0271,WALTON HIGH SCHOOL,191,58
09,66,WALTON,0282,WALTON INITIATIVE FOR SUCCESS IN ED,3,-1
09,66,WALTON,1110,SEASIDE NEIGHBORHOOD SCHOOL,52,83
09,66,WALTON,1111,WALTON ACADEMY INC.,24,21
09,66,WALTON,9010,WALTON COUNTY JAIL PROGRAM,1,-1
09,67,WASHINGTON,0021,CHIPLEY HIGH SCHOOL,143,57
09,67,WASHINGTON,0051,VERNON HIGH SCHOOL,114,43
09,67,WASHINGTON,0152,WASHINGTON INSTITUTE FOR SPECIALIZE,7,-1
09,67,WASHINGTON,7001,WASHINGTON VIRTUAL INSTRUCTIONAL PR,1,-1
09,68,FSDB,0013,DEAF HIGH SCHOOL (FSDB),42,7
09,68,FSDB,0016,BLIND HIGH SCHOOL (FSDB),17,41
09,71,FL VIRTUAL,0400,FLVS FULL-TIME 9-12,354,76
09,72,FAU LAB SCH,0011,A.D. HENDERSON UNIVERSITY SCHOOL,122,98
09,73,FSU LAB SCH,0341,FLORIDA STATE UNIVERSITY SCHOOL,163,79
09,74,FAMU LAB SCH,0351,FAMU DEVELOP RESEARCH,37,32
09,75,UF LAB SCH,0391,P.K. YONGE DEVELOPMENTAL RESEARCH S,119,76
