8,1,ALACHUA,52,A.QUINN JONES/EXCEP.STUDENT CENTER,10,0
8,1,ALACHUA,82,HOSPITAL HOMEBOUND,2,-1
8,1,ALACHUA,112,ABRAHAM LINCOLN MIDDLE SCHOOL,223,50
8,1,ALACHUA,121,HOWARD W. BISHOP MIDDLE SCHOOL,200,52
8,1,ALACHUA,141,WESTWOOD MIDDLE SCHOOL,332,48
8,1,ALACHUA,201,HAWTHORNE MIDDLE/HIGH SCHOOL,52,13
8,1,ALACHUA,221,A. L. MEBANE MIDDLE SCHOOL,110,33
8,1,ALACHUA,411,PROFESSIONAL ACADEMY MAGNET AT LOFT,1,-1
8,1,ALACHUA,412,HORIZON CENTER. ALTERNATIVE SCHOOL,23,0
8,1,ALACHUA,461,HIGH SPRINGS COMMUNITY SCHOOL,111,59
8,1,ALACHUA,481,FORT CLARKE MIDDLE SCHOOL,312,49
8,1,ALACHUA,502,KANAPAHA MIDDLE SCHOOL,314,57
8,1,ALACHUA,591,OAK VIEW MIDDLE SCHOOL,201,56
8,1,ALACHUA,955,EINSTEIN MONTESSORI SCHOOL,13,23
8,1,ALACHUA,961,MICANOPY MIDDLE SCHOOL INC.,20,40
8,1,ALACHUA,971,HOGGETOWNE MIDDLE SCHOOL,37,14
8,1,ALACHUA,1010,ONE ROOM MIDDLE SCHOOL,15,67
8,1,ALACHUA,1011,ALACHUA LEARNING CENTER  INC. MIDD,16,69
8,1,ALACHUA,7004,ALACHUA ESCHOOL (VIRTUAL FRANCHISE),1,-1
8,2,BAKER,32,BAKER COUNTY MIDDLE SCHOOL,371,41
8,3,BAY,71,MERRITT BROWN MIDDLE SCHOOL,220,45
8,3,BAY,141,EVERITT MIDDLE SCHOOL,255,31
8,3,BAY,161,JINKS MIDDLE SCHOOL,186,35
8,3,BAY,201,SURFSIDE MIDDLE SCHOOL,228,53
8,3,BAY,331,MOWAT MIDDLE SCHOOL,323,57
8,3,BAY,531,NEW HORIZONS LEARNING CENTER,6,-1
8,3,BAY,541,DEANE BOZEMAN SCHOOL,110,35
8,3,BAY,571,BREAKFAST POINT ACADEMY,128,62
8,3,BAY,591,C C WASHINGTON ACADEMY,48,8
8,3,BAY,711,BAY HAVEN CHARTER MIDDLE SCHOOL,165,68
8,3,BAY,731,NORTH BAY HAVEN CHARTER ACADEMY MID,118,55
8,3,BAY,791,NEWPOINT MIDDLE SCHOOL,71,52
8,3,BAY,7004,BAY VIRTUAL FRANCHISE,6,-1
8,3,BAY,7006,BAY VIRTUAL INSTRUCTION,2,-1
8,4,BRADFORD,172,BRADFORD MIDDLE SCHOOL,209,40
8,4,BRADFORD,201,BRADFORD INTERVENTION CENTER,1,-1
8,5,BREVARD,52,JAMES MADISON MIDDLE SCHOOL,234,39
8,5,BREVARD,89,FIELDSTON PREPARATORY SCHOOL,9,-1
8,5,BREVARD,141,ANDREW JACKSON MIDDLE SCHOOL,235,51
8,5,BREVARD,302,SPACE COAST JUNIOR/SENIOR HIGH SCHO,259,50
8,5,BREVARD,1017,NORTH/CENTRAL AREA ALT LEARNING CTR,15,20
8,5,BREVARD,1018,SOUTH AREA ALTERNATIVE LEARNING CEN,19,11
8,5,BREVARD,1028,DEVEREUX HOSPITAL,5,-1
8,5,BREVARD,1029,RIVERDALE COUNTRY DAY SCHOOL,10,0
8,5,BREVARD,1032,HORACE MANN ACADEMY,9,-1
8,5,BREVARD,1081,RONALD MCNAIR MAGNET MIDDLE,263,58
8,5,BREVARD,1101,JOHN F. KENNEDY MIDDLE SCHOOL,318,59
8,5,BREVARD,1121,COCOA HIGH SCHOOL,245,29
8,5,BREVARD,2071,STONE MAGNET MIDDLE SCHOOL,393,45
8,5,BREVARD,2122,SOUTHWEST MIDDLE SCHOOL,489,49
8,5,BREVARD,3021,CENTRAL MIDDLE SCHOOL,624,58
8,5,BREVARD,3031,LYNDON B. JOHNSON MIDDLE SCHOOL,391,51
8,5,BREVARD,3141,WESTSHORE JUNIOR/SENIOR HIGH SCHOOL,155,95
8,5,BREVARD,4021,EDGEWOOD JR/SR HIGH SCHOOL,155,94
8,5,BREVARD,4111,THOMAS JEFFERSON MIDDLE SCHOOL,320,70
8,5,BREVARD,5011,COCOA BEACH JUNIOR/SENIOR HIGH SCHO,178,60
8,5,BREVARD,6012,DELAURA MIDDLE SCHOOL,404,76
8,5,BREVARD,6082,HERBERT C. HOOVER MIDDLE SCHOOL,266,64
8,5,BREVARD,6501,PALM BAY ACADEMY CHARTER SCHOOL,23,39
8,5,BREVARD,6507,ODYSSEY CHARTER SCHOOL,124,49
8,5,BREVARD,6508,SCULPTOR CHARTER SCHOOL,46,74
8,5,BREVARD,6509,ROYAL PALM CHARTER SCHOOL,21,29
8,5,BREVARD,7004,BREVARD VIRTUAL FRANCHISE,10,60
8,5,BREVARD,7023,BREVARD VIRTUAL ESCHOOL,1,-1
8,6,BROWARD,21,POMPANO BEACH MIDDLE SCHOOL,332,33
8,6,BROWARD,251,SUNRISE MIDDLE SCHOOL,363,43
8,6,BROWARD,343,ATTUCKS MIDDLE SCHOOL,262,38
8,6,BROWARD,371,DILLARD HIGH SCHOOL,64,13
8,6,BROWARD,405,LANIER-JAMES EDUCATION CENTER,15,13
8,6,BROWARD,452,WHIDDON RODGERS EDUCATION CENTER,11,0
8,6,BROWARD,471,OLSEN MIDDLE SCHOOL,289,44
8,6,BROWARD,481,MCNICOL MIDDLE SCHOOL,280,36
8,6,BROWARD,551,PLANTATION MIDDLE SCHOOL,338,36
8,6,BROWARD,581,MARGATE MIDDLE SCHOOL,441,39
8,6,BROWARD,592,HALLANDALE ADULT/COMMUNITY CENTER,20,10
8,6,BROWARD,601,SEAGULL SCHOOL,1,-1
8,6,BROWARD,653,PINE RIDGE ALTERNATIVE CENTER,18,0
8,6,BROWARD,701,PARKWAY MIDDLE SCHOOL,406,35
8,6,BROWARD,861,DRIFTWOOD MIDDLE SCHOOL,535,52
8,6,BROWARD,881,NEW RIVER MIDDLE SCHOOL,412,40
8,6,BROWARD,911,DEERFIELD BEACH MIDDLE SCHOOL,355,39
8,6,BROWARD,1011,HENRY D. PERRY MIDDLE SCHOOL,201,40
8,6,BROWARD,1071,WILLIAM DANDY MIDDLE SCHOOL,293,34
8,6,BROWARD,1311,NOVA MIDDLE SCHOOL,358,41
8,6,BROWARD,1391,LAUDERHILL MIDDLE SCHOOL,191,19
8,6,BROWARD,1701,LAUDERDALE LAKES MIDDLE SCHOOL,384,24
8,6,BROWARD,1752,WHISPERING PINES SCHOOL,43,7
8,6,BROWARD,1791,APOLLO MIDDLE SCHOOL,354,35
8,6,BROWARD,1871,CRYSTAL LAKE COMMUNITY MIDDLE,459,35
8,6,BROWARD,1881,PINES MIDDLE SCHOOL,403,40
8,6,BROWARD,1891,SEMINOLE MIDDLE SCHOOL,397,44
8,6,BROWARD,2021,GLADES MIDDLE SCHOOL,511,55
8,6,BROWARD,2041,BEACHSIDE MONTESSORI VILLAGE,28,54
8,6,BROWARD,2052,WESTPINE MIDDLE SCHOOL,395,37
8,6,BROWARD,2121,JAMES S. RICKARDS MIDDLE SCHOOL,287,33
8,6,BROWARD,2123,CYPRESS RUN ALTERNATIVE/ESE,9,-1
8,6,BROWARD,2561,CORAL SPRINGS MIDDLE SCHOOL,458,53
8,6,BROWARD,2571,PIONEER MIDDLE SCHOOL,398,57
8,6,BROWARD,2611,BAIR MIDDLE SCHOOL,301,37
8,6,BROWARD,2711,RAMBLEWOOD MIDDLE SCHOOL,423,51
8,6,BROWARD,2971,SILVER LAKES MIDDLE SCHOOL,243,26
8,6,BROWARD,3001,WALTER C. YOUNG MIDDLE SCHOOL,465,59
8,6,BROWARD,3051,FOREST GLEN MIDDLE SCHOOL,488,44
8,6,BROWARD,3101,LYONS CREEK MIDDLE SCHOOL,609,47
8,6,BROWARD,3151,TEQUESTA TRACE MIDDLE SCHOOL,481,60
8,6,BROWARD,3222,CROSS CREEK SCHOOL,9,-1
8,6,BROWARD,3331,SILVER TRAIL MIDDLE SCHOOL,490,66
8,6,BROWARD,3431,SAWGRASS SPRINGS MIDDLE SCHOOL,448,51
8,6,BROWARD,3471,INDIAN RIDGE MIDDLE SCHOOL,614,58
8,6,BROWARD,3622,FALCON COVE MIDDLE SCHOOL,819,76
8,6,BROWARD,3651,DAVE THOMAS EDUCATION CENTER,17,6
8,6,BROWARD,3871,WESTGLADES MIDDLE SCHOOL,477,69
8,6,BROWARD,3911,NEW RENAISSANCE MIDDLE SCHOOL,344,27
8,6,BROWARD,3931,GULFSTREAM MIDDLE SCHOOL,102,18
8,6,BROWARD,4772,MILLENNIUM MIDDLE SCHOOL,427,38
8,6,BROWARD,5001,BEN GAMLA CHARTER SCHOOL NORTH CAMP,27,67
8,6,BROWARD,5002,SOMERSET ACADEMY VILLAGE CHARTER MI,41,46
8,6,BROWARD,5003,SOMERSET PREP ACADEMY AT N LAUDERDA,111,32
8,6,BROWARD,5010,FRANKLIN ACADEMY B,158,70
8,6,BROWARD,5020,RENAISSANCE CHARTER SCHOOL OF CORAL,93,54
8,6,BROWARD,5023,RENAISSANCE CHARTER SCHOOL OF PLANT,76,53
8,6,BROWARD,5024,IMAGINE MIDDLE SCHOOL AT BROWARD,69,52
8,6,BROWARD,5025,BEN GAMLA CHARTER SCHOOL HALLANDALE,27,30
8,6,BROWARD,5030,SOMERSET PINES ACADEMY,59,49
8,6,BROWARD,5046,FRANKLIN ACADEMY  F,100,62
8,6,BROWARD,5059,FL VIRTUAL ACAD AT BROWARD COUNTY,11,55
8,6,BROWARD,5081,CITY/PEMBROKE PINES CHARTER MIDDLE,425,80
8,6,BROWARD,5091,CITY OF CORAL SPRINGS CHARTER,256,61
8,6,BROWARD,5151,SOMERSET ACADEMY MIDDLE SCHOOL,304,66
8,6,BROWARD,5322,PIVOT CHARTER SCHOOL,20,35
8,6,BROWARD,5356,EAGLES NEST MIDDLE CHARTER SCHOOL,7,-1
8,6,BROWARD,5362,HOLLYWOOD ACADEMY OF ARTS AND SCIEN,113,73
8,6,BROWARD,5371,NORTH BROWARD ACADEMY OF EXCELLENCE,118,58
8,6,BROWARD,5372,PATHWAYS ACADEMY K-8 CENTER,12,8
8,6,BROWARD,5381,PARAGON ACADEMY OF TECHNOLOGY,40,38
8,6,BROWARD,5389,RISE ACADEMY II,28,21
8,6,BROWARD,5392,BEN GAMLA CHARTER SCHOOL SOUTH BROW,15,53
8,6,BROWARD,5406,SOMERSET ACADEMY MIDDLE MIRAMAR CAM,136,50
8,6,BROWARD,5410,BEN GAMLA CHARTER SCHOOL,26,100
8,6,BROWARD,5412,DISCOVERY MIDDLE CHARTER SCHOOL,46,30
8,6,BROWARD,5416,INTERNATIONAL SCHOOL OF BROWARD,27,26
8,6,BROWARD,5417,IGENERATION EMPOWERMENT ACADEMY,19,5
8,6,BROWARD,5420,RISE ACADEMY SCHOOL OF SCIENCE AND,22,32
8,6,BROWARD,5422,FLORIDA INTERCULTURAL ACADEMY K-8 W,70,37
8,6,BROWARD,5431,THE OBAMA ACADEMY FOR BOYS,16,6
8,6,BROWARD,5434,THE RED SHOE CHARTER SCHOOL FOR GIR,9,-1
8,6,BROWARD,5441,SOMERSET PREPARATORY CHARTER MIDDLE,110,40
8,6,BROWARD,7001,BROWARD VIRTUAL INSTRUCTION PROGRAM,1,-1
8,6,BROWARD,7004,BROWARD VIRTUAL FRANCHISE,18,83
8,7,CALHOUN,51,BLOUNTSTOWN MIDDLE SCHOOL,99,57
8,7,CALHOUN,91,CARR ELEMENTARY MIDDLE SCHOOL,30,50
8,7,CALHOUN,101,ALTHA PUBLIC SCHOOL,51,45
8,7,CALHOUN,7001,CALHOUN VIRTUAL INSTRUCTION PROGRAM,5,-1
8,8,CHARLOTTE,42,CHARLOTTE HARBOR SCHOOL,6,-1
8,8,CHARLOTTE,121,PUNTA GORDA MIDDLE SCHOOL,386,48
8,8,CHARLOTTE,131,PORT CHARLOTTE MIDDLE SCHOOL,268,44
8,8,CHARLOTTE,161,CHARLOTTE TECHNICAL CENTER,33,6
8,8,CHARLOTTE,181,L. A. AINGER MIDDLE SCHOOL,320,50
8,8,CHARLOTTE,211,MURDOCK MIDDLE SCHOOL,256,37
8,8,CHARLOTTE,282,AMI KIDS CROSSROADS,5,-1
8,8,CHARLOTTE,7004,CHARLOTTE VIRTUAL FRANCHISE,6,-1
8,9,CITRUS,42,INVERNESS MIDDLE SCHOOL,314,55
8,9,CITRUS,83,CRYSTAL RIVER MIDDLE SCHOOL,254,50
8,9,CITRUS,162,LECANTO MIDDLE SCHOOL,261,57
8,9,CITRUS,201,CREST SCHOOL,2,-1
8,9,CITRUS,211,CITRUS SPRINGS MIDDLE SCHOOL,240,64
8,9,CITRUS,321,CITRUS COUNTY RENAISSANCE CENTER,24,4
8,10,CLAY,21,GREEN COVE SPRINGS JUNIOR HIGH SCHO,407,62
8,10,CLAY,111,R. C. BANNERMAN LEARNING CENTER,26,8
8,10,CLAY,311,KEYSTONE HEIGHTS JUNIOR/SENIOR HIGH,195,51
8,10,CLAY,351,LAKESIDE JUNIOR HIGH SCHOOL,389,65
8,10,CLAY,361,ORANGE PARK JUNIOR HIGH SCHOOL,347,48
8,10,CLAY,371,WILKINSON JUNIOR HIGH SCHOOL,397,46
8,10,CLAY,481,LAKE ASBURY JUNIOR HIGH SCHOOL,512,66
8,10,CLAY,611,OAKLEAF JUNIOR HIGH,485,61
8,10,CLAY,7001,CLAY VIRTUAL INSTRUCTION PROGRAM,3,-1
8,10,CLAY,7023,CLAY VIRTUAL ACADEMY,31,48
8,11,COLLIER,51,EVERGLADES CITY SCHOOL,11,27
8,11,COLLIER,61,GULFVIEW MIDDLE SCHOOL,213,68
8,11,COLLIER,211,EAST NAPLES MIDDLE SCHOOL,349,48
8,11,COLLIER,251,PINE RIDGE MIDDLE SCHOOL,334,67
8,11,COLLIER,321,GOLDEN GATE MIDDLE SCHOOL,313,32
8,11,COLLIER,361,IMMOKALEE MIDDLE SCHOOL,414,29
8,11,COLLIER,401,OAKRIDGE MIDDLE SCHOOL,328,59
8,11,COLLIER,422,MANATEE MIDDLE SCHOOL,279,38
8,11,COLLIER,442,CORKSCREW MIDDLE SCHOOL,246,61
8,11,COLLIER,452,NORTH NAPLES MIDDLE SCHOOL,317,60
8,11,COLLIER,472,CYPRESS PALM MIDDLE SCHOOL,267,53
8,11,COLLIER,9007,NEW BEGINNINGS IMMOKALEE,10,10
8,11,COLLIER,9010,NEW BEGINNINGS - NAPLES,9,-1
8,11,COLLIER,9015,THE PHOENIX PROGRAM NAPLES,12,0
8,11,COLLIER,9018,MARCO ISLAND CHARTER MIDDLE,138,67
8,12,COLUMBIA,31,RICHARDSON MIDDLE SCHOOL,168,29
8,12,COLUMBIA,123,FORT WHITE HIGH SCHOOL,167,35
8,12,COLUMBIA,221,CHALLENGE LEARNING CENTER,13,8
8,12,COLUMBIA,241,LAKE CITY MIDDLE SCHOOL,351,47
8,12,COLUMBIA,402,BELMONT ACADEMY,14,93
8,13,MIAMI DADE,70,CORAL REEF MONTESSORI ACADEMY CHART,28,57
8,13,MIAMI DADE,71,EUGENIA B. THOMAS K-8 CENTER,169,58
8,13,MIAMI DADE,73,MANDARIN LAKES K-8 ACADEMY,57,26
8,13,MIAMI DADE,91,BOB GRAHAM EDUCATION CENTER,226,60
8,13,MIAMI DADE,92,NORMAN S. EDELCUP/SUNNY ISLES BEACH,196,68
8,13,MIAMI DADE,122,DR. ROLANDO ESPINOSA K-8 CENTER,189,56
8,13,MIAMI DADE,231,AVENTURA WATERWAYS K-8 CENTER,176,63
8,13,MIAMI DADE,241,RUTH K. BROAD BAY HARBOR K-8 CENTER,101,60
8,13,MIAMI DADE,332,SOMERSET ACADEMY (SILVER PALMS),133,49
8,13,MIAMI DADE,451,BOWMAN ASHE/DOOLIN K-8 ACADEMY,197,46
8,13,MIAMI DADE,651,CAMPBELL DRIVE K-8 CENTER,64,16
8,13,MIAMI DADE,761,FIENBERG/FISHER K-8 CENTER,92,49
8,13,MIAMI DADE,950,AVENTURA CITY OF EXCELLENCE SCHOOL,85,74
8,13,MIAMI DADE,961,CORAL GABLES PREPARATORY ACADEMY,92,84
8,13,MIAMI DADE,1020,YOUTH CO-OP CHARTER SCHOOL,96,60
8,13,MIAMI DADE,1121,CORAL WAY K-8 CENTER,157,56
8,13,MIAMI DADE,1331,DEVON AIRE K-8 CENTER,144,35
8,13,MIAMI DADE,1681,LILLIE C. EVANS K-8 CENTER,32,28
8,13,MIAMI DADE,1721,EVERGLADES K-8 CENTER,143,54
8,13,MIAMI DADE,2041,BENJAMIN FRANKLIN K-8 CENTER,52,33
8,13,MIAMI DADE,2060,THEODORE R. & THELMA A. GIBSON CHAR,20,35
8,13,MIAMI DADE,2701,KENWOOD K-8 CENTER,118,68
8,13,MIAMI DADE,2741,KEY BISCAYNE K-8 CENTER,86,69
8,13,MIAMI DADE,2881,LEEWOOD K-8 CENTER,70,80
8,13,MIAMI DADE,2901,LEISURE CITY K-8 CENTER,106,34
8,13,MIAMI DADE,2911,LINDA LENTIN K-8 CENTER,96,42
8,13,MIAMI DADE,3029,DORAL ACADEMY OF TECHNOLOGY,19,100
8,13,MIAMI DADE,3032,PALM GLADES PREPARATORY ACADEMY,128,27
8,13,MIAMI DADE,3101,FRANK CRAWFORD MARTIN K-8 CENTER,60,72
8,13,MIAMI DADE,3191,ADA MERRITT K-8 CENTER,88,89
8,13,MIAMI DADE,3281,MIAMI LAKES K-8 CENTER,112,43
8,13,MIAMI DADE,3421,MARCUS A. MILAM K-8 CENTER,159,36
8,13,MIAMI DADE,3610,KEYS GATE CHARTER SCHOOL,214,25
8,13,MIAMI DADE,3621,COCONUT PALM K-8 ACADEMY,103,35
8,13,MIAMI DADE,3821,NORTH COUNTY K-8 CENTER,38,29
8,13,MIAMI DADE,4031,GATEWAY ENVIRONMENTAL K-8 LEARNING,121,48
8,13,MIAMI DADE,4391,IRVING & BEATRICE PESKOE K-8 CENTER,39,28
8,13,MIAMI DADE,4691,JANE S. ROBERTS K-8 CENTER,119,73
8,13,MIAMI DADE,5003,SOUTH DADE MIDDLE SCHOOL,236,34
8,13,MIAMI DADE,5005,DAVID LAWRENCE JR. K-8 CENTER,187,44
8,13,MIAMI DADE,5006,EVERGLADES PREPARATORY ACADEMY,169,40
8,13,MIAMI DADE,5007,LINCOLN-MARTI CHARTER SCHOOLS HIALE,21,62
8,13,MIAMI DADE,5010,OXFORD ACADEMY OF MIAMI,12,33
8,13,MIAMI DADE,5020,BRIDGEPOINT ACADEMY INTERAMERICAN,8,-1
8,13,MIAMI DADE,5022,BEN GAMLA CHARTER SCHL MIAMI BEACH,11,27
8,13,MIAMI DADE,5025,LINCOLN-MARTI CHARTER SCHOOL LITTLE,76,64
8,13,MIAMI DADE,5032,EXCELSIOR CHARTER ACADEMY,21,43
8,13,MIAMI DADE,5044,ACADEMY OF INTERNATIONAL EDUCATION,12,33
8,13,MIAMI DADE,5047,MATER ACADEMY MIAMI BEACH,66,38
8,13,MIAMI DADE,5049,PINECREST COVE ACADEMY,25,76
8,13,MIAMI DADE,5051,ERNEST R. GRAHAM K-8 CENTER,102,54
8,13,MIAMI DADE,5101,JOHN I. SMITH K-8 CENTER,121,40
8,13,MIAMI DADE,5141,HUBERT O. SIBLEY K-8 CENTER,94,39
8,13,MIAMI DADE,5241,SOUTH MIAMI K-8 CENTER,64,50
8,13,MIAMI DADE,5671,VINELAND K-8 CENTER,93,83
8,13,MIAMI DADE,5861,DR. HENRY W. MACK/WEST LITTLE RIVER,38,34
8,13,MIAMI DADE,5901,CARRIE P. MEEK/WESTVIEW K-8 CENTER,51,41
8,13,MIAMI DADE,5961,WINSTON PARK K-8 CENTER,157,45
8,13,MIAMI DADE,6001,HERBERT A. AMMONS MIDDLE SCHOOL,306,76
8,13,MIAMI DADE,6004,SOMERSET ACADEMY CHARTER MIDDLE SCH,56,68
8,13,MIAMI DADE,6005,RAMZ ACADEMY 6-8 MIDDLE MIAMI CAMP,41,12
8,13,MIAMI DADE,6006,ARCHIMEDEAN MIDDLE CONSERVATORY,113,89
8,13,MIAMI DADE,6008,LAWRENCE ACADEMY,34,9
8,13,MIAMI DADE,6009,MATER EAST ACADEMY MIDDLE SCHOOL,107,36
8,13,MIAMI DADE,6010,FLORIDA INT'L ACADEMY CHARTER,118,33
8,13,MIAMI DADE,6011,ALLAPATTAH MIDDLE SCHOOL,189,33
8,13,MIAMI DADE,6012,MATER ACADEMY CHARTER MIDDLE,269,36
8,13,MIAMI DADE,6013,SOMERSET ACADEMY CHARTER MIDDLE S H,54,44
8,13,MIAMI DADE,6014,IMATER ACADEMY MIDDLE SCHOOL,121,28
8,13,MIAMI DADE,6015,SPORTS LEADERSHIP AND MANAGEMENT CH,120,27
8,13,MIAMI DADE,6020,ASPIRA RAUL ARNALDO MARTINEZ CHR SC,151,10
8,13,MIAMI DADE,6021,ARVIDA MIDDLE SCHOOL,309,37
8,13,MIAMI DADE,6022,PINECREST ACADEMY CHARTER MIDDLE SC,101,35
8,13,MIAMI DADE,6023,ANDOVER MIDDLE SCHOOL,281,24
8,13,MIAMI DADE,6028,RENAISSANCE MIDDLE CHARTER SCHOOL,142,70
8,13,MIAMI DADE,6030,DORAL ACADEMY CHARTER MIDDLE SCHOOL,382,68
8,13,MIAMI DADE,6031,BROWNSVILLE MIDDLE SCHOOL,211,21
8,13,MIAMI DADE,6033,MATER ACADEMY LAKES MIDDLE SCHOOL,191,46
8,13,MIAMI DADE,6040,DOCTORS CHARTER SCHOOL OF MIAMI SHO,88,65
8,13,MIAMI DADE,6041,PAUL W. BELL MIDDLE SCHOOL,204,47
8,13,MIAMI DADE,6042,MATER GARDENS ACADEMY MIDDLE SCHOOL,19,26
8,13,MIAMI DADE,6045,INTERNATIONAL STUDIES CHARTER MIDDL,97,78
8,13,MIAMI DADE,6047,MATER ACAD MIDDLE SCHOOL INTERNAT S,42,40
8,13,MIAMI DADE,6048,MIAMI COMMUNITY CHARTER MIDDLE SCHO,93,14
8,13,MIAMI DADE,6049,RIVER CITIES COMMUNITY CHARTER SCHO,51,16
8,13,MIAMI DADE,6051,CAROL CITY MIDDLE SCHOOL,168,25
8,13,MIAMI DADE,6052,ZELDA GLAZER MIDDLE SCHOOL,442,50
8,13,MIAMI DADE,6053,SOMERSET ACADEMY CHARTER MIDDLE SOU,9,-1
8,13,MIAMI DADE,6060,ASPIRA SOUTH YOUTH LEADERSHIP CHART,120,28
8,13,MIAMI DADE,6061,CAMPBELL DRIVE MIDDLE SCHOOL,157,16
8,13,MIAMI DADE,6070,ASPIRA EUGENIO MARIA DE HOSTOS CHAR,163,20
8,13,MIAMI DADE,6071,GEORGE WASHINGTON CARVER MIDDLE SCH,255,91
8,13,MIAMI DADE,6081,CUTLER BAY ACAD CENTENNIAL CAMPUS,342,37
8,13,MIAMI DADE,6082,ACADEMIR CHARTER SCHOOL MIDDLE,21,33
8,13,MIAMI DADE,6091,CITRUS GROVE MIDDLE SCHOOL,338,25
8,13,MIAMI DADE,6111,CUTLER BAY ACAD CUTLER RIDGE CAMPUS,260,22
8,13,MIAMI DADE,6121,RUBEN DARIO MIDDLE SCHOOL,243,38
8,13,MIAMI DADE,6141,CHARLES R. DREW MIDDLE SCHOOL,114,26
8,13,MIAMI DADE,6161,LAWTON CHILES MIDDLE SCHOOL,213,38
8,13,MIAMI DADE,6171,HENRY H. FILER MIDDLE SCHOOL,396,35
8,13,MIAMI DADE,6211,GLADES MIDDLE SCHOOL,331,43
8,13,MIAMI DADE,6221,HAMMOCKS MIDDLE SCHOOL,391,48
8,13,MIAMI DADE,6231,HIALEAH MIDDLE SCHOOL,279,39
8,13,MIAMI DADE,6241,HIGHLAND OAKS MIDDLE SCHOOL,425,41
8,13,MIAMI DADE,6251,HOMESTEAD MIDDLE SCHOOL,159,24
8,13,MIAMI DADE,6281,THOMAS JEFFERSON MIDDLE SCHOOL,124,38
8,13,MIAMI DADE,6301,JOHN F. KENNEDY MIDDLE SCHOOL,414,44
8,13,MIAMI DADE,6331,KINLOCH PARK MIDDLE SCHOOL,451,36
8,13,MIAMI DADE,6351,LAKE STEVENS MIDDLE SCHOOL,203,34
8,13,MIAMI DADE,6361,JOSE DE DIEGO MIDDLE SCHOOL,188,27
8,13,MIAMI DADE,6391,MADISON MIDDLE SCHOOL,175,27
8,13,MIAMI DADE,6411,HORACE MANN MIDDLE SCHOOL,229,34
8,13,MIAMI DADE,6441,HOWARD D. MCMILLAN MIDDLE SCHOOL,223,39
8,13,MIAMI DADE,6481,MIAMI EDISON MIDDLE SCHOOL,129,20
8,13,MIAMI DADE,6501,MIAMI LAKES MIDDLE SCHOOL,266,39
8,13,MIAMI DADE,6521,MIAMI SPRINGS MIDDLE SCHOOL,490,41
8,13,MIAMI DADE,6541,NAUTILUS MIDDLE SCHOOL,282,38
8,13,MIAMI DADE,6571,NORLAND MIDDLE SCHOOL,248,32
8,13,MIAMI DADE,6591,NORTH DADE MIDDLE SCHOOL,239,31
8,13,MIAMI DADE,6611,COUNTRY CLUB MIDDLE SCHOOL,436,35
8,13,MIAMI DADE,6631,NORTH MIAMI MIDDLE SCHOOL,340,47
8,13,MIAMI DADE,6681,PALM SPRINGS MIDDLE SCHOOL,454,37
8,13,MIAMI DADE,6701,PALMETTO MIDDLE SCHOOL,383,62
8,13,MIAMI DADE,6721,PARKWAY MIDDLE COMMUNITY SCHOOL,84,31
8,13,MIAMI DADE,6741,PONCE DE LEON MIDDLE SCHOOL,354,45
8,13,MIAMI DADE,6751,HIALEAH GARDENS MIDDLE SCHOOL,381,30
8,13,MIAMI DADE,6761,REDLAND MIDDLE SCHOOL,171,36
8,13,MIAMI DADE,6771,JORGE MAS CANOSA MIDDLE SCHOOL,733,49
8,13,MIAMI DADE,6781,RICHMOND HEIGHTS MIDDLE SCHOOL,188,40
8,13,MIAMI DADE,6801,RIVIERA MIDDLE SCHOOL,268,40
8,13,MIAMI DADE,6821,ROCKWAY MIDDLE SCHOOL,345,46
8,13,MIAMI DADE,6841,SHENANDOAH MIDDLE SCHOOL,367,38
8,13,MIAMI DADE,6861,SOUTHWOOD MIDDLE SCHOOL,455,70
8,13,MIAMI DADE,6881,SOUTH MIAMI MIDDLE SCHOOL,312,65
8,13,MIAMI DADE,6901,W. R. THOMAS MIDDLE SCHOOL,213,40
8,13,MIAMI DADE,6921,LAMAR LOUISE CURRY MIDDLE SCHOOL,397,62
8,13,MIAMI DADE,6961,WEST MIAMI MIDDLE SCHOOL,327,35
8,13,MIAMI DADE,6997,MATER VIRTUAL ACADEMY CHARTER MIDDL,3,-1
8,13,MIAMI DADE,7001,MIAMI-DADE ONLINE ACADEMY,10,40
8,13,MIAMI DADE,7023,MIAMI-DADE ONLINE ACADEMY,1,-1
8,13,MIAMI DADE,7055,YOUNG WOMENS PREPARATORY ACADEMY,71,75
8,13,MIAMI DADE,7059,MIAMI ARTS CHARTER,138,76
8,13,MIAMI DADE,7161,MAST ACADEMY,99,90
8,13,MIAMI DADE,7262,CITY OF HIALEAH EDUCATION ACADEMY,34,35
8,13,MIAMI DADE,7291,JOSE MARTI MAST 6-12 ACADEMY,88,80
8,13,MIAMI DADE,7351,ARTHUR AND POLLY MAYS CONSERVATORY,95,42
8,13,MIAMI DADE,7631,MIAMI MACARTHUR SOUTH,21,10
8,13,MIAMI DADE,7812,MIAMI BRIDGE SOUTH,4,-1
8,13,MIAMI DADE,7819,BOYSTOWN,1,-1
8,13,MIAMI DADE,7823,HERE'S HELP,1,-1
8,13,MIAMI DADE,7826,JACKSON SIPP/CHILD CRISIS,1,-1
8,13,MIAMI DADE,7832,MIAMI BRIDGE NORTH,2,-1
8,13,MIAMI DADE,7835,RICHMOND PERRINE OPTIMIST,18,0
8,13,MIAMI DADE,7840,TURNER/GUILFORD/KNIGHT,3,-1
8,13,MIAMI DADE,7860,SECONDARY STUDENT SUCCESS CTR 801,13,15
8,13,MIAMI DADE,7861,SECONDARY STUDENT SUCCESS CTR 802,9,-1
8,13,MIAMI DADE,7862,SECONDARY STUDENT SUCCESS CTR 803,16,6
8,13,MIAMI DADE,7863,SECONDARY STUDENT SUCCESS CTR-804,11,0
8,13,MIAMI DADE,8101,JAN MANN OPPORTUNITY SCHOOL,34,6
8,13,MIAMI DADE,8121,COPE CENTER NORTH,8,-1
8,13,MIAMI DADE,8131,DOROTHY M. WALLACE COPE CENTER,6,-1
8,13,MIAMI DADE,8151,ROBERT RENICK EDUCATION CENTER,11,0
8,13,MIAMI DADE,8181,RUTH OWENS KRUSE EDUCATION CENTER,16,25
8,13,MIAMI DADE,9732,BRUCIE BALL EDUCATIONAL CENTER,22,41
8,14,DESOTO,161,DESOTO MIDDLE SCHOOL,348,30
8,14,DESOTO,291,DESOTO CONNECTIONS,5,-1
8,14,DESOTO,9114,REDUCED SERVICES,1,-1
8,15,DIXIE,111,RUTH RAINS MIDDLE SCHOOL,136,50
8,16,DUVAL,61,MATTIE V RUTHERFORD ALT ED CENTER,45,7
8,16,DUVAL,141,GRAND PARK CAREER CENTER,7,-1
8,16,DUVAL,251,KIRBY-SMITH MIDDLE SCHOOL,278,67
8,16,DUVAL,311,JULIA LANDON COLLEGE PREPARTORY L,279,85
8,16,DUVAL,381,BALDWIN MIDDLE-SENIOR HIGH SCHOOL,154,34
8,16,DUVAL,391,GATEWAY COMMUNITY SERVICES,3,-1
8,16,DUVAL,541,JAMES WELDON JOHNSON ACADEMIC & CAR,115,1
8,16,DUVAL,621,OCEANWAY SCHOOL,414,44
8,16,DUVAL,631,DUNCAN U. FLETCHER MIDDLE SCHOOL,369,68
8,16,DUVAL,661,ALFRED I. DUPONT MIDDLE SCHOOL,258,40
8,16,DUVAL,691,LAKE SHORE MIDDLE SCHOOL,320,40
8,16,DUVAL,921,EUGENE BUTLER MIDDLE SCHOOL,193,21
8,16,DUVAL,1021,SCHOOL OF SUCCESS ACADEMY-SOS,46,37
8,16,DUVAL,1201,RIVER CITY SCIENCE ACADEMY,141,57
8,16,DUVAL,1221,GLOBAL OUTREACH CHARTER ACADEMY,29,28
8,16,DUVAL,1231,DUVAL CHARTER SCHOOL AT ARLINGTON,59,37
8,16,DUVAL,1261,SOMERSET ACADEMY-MIDDLE,44,23
8,16,DUVAL,1271,KIPP IMPACT MIDDLE SCHOOL,64,58
8,16,DUVAL,1321,DUVAL CHARTER AT BAYMEADOWS,148,66
8,16,DUVAL,1331,WAVERLY ACADEMY,59,39
8,16,DUVAL,1451,DARNELL COOKMAN MIDDLE/HIGH SCHOOL,163,71
8,16,DUVAL,1461,MATTHEW W. GILBERT MIDDLE SCHOOL,160,24
8,16,DUVAL,1521,JAMES W JOHNSON COLLEG PREP MIDDLE,352,86
8,16,DUVAL,1542,JOHN E. FORD K-8 SCHOOL,26,12
8,16,DUVAL,1551,NORTHWESTERN MIDDLE SCHOOL,157,19
8,16,DUVAL,1811,HOSPITAL AND HOMEBOUND,11,45
8,16,DUVAL,1821,YOUTH DEVELOPMENT CENTER,3,-1
8,16,DUVAL,2072,J. E. B. STUART MIDDLE SCHOOL,272,24
8,16,DUVAL,2111,SOUTHSIDE MIDDLE SCHOOL,252,25
8,16,DUVAL,2121,JEAN RIBAULT MIDDLE SCHOOL,190,22
8,16,DUVAL,2131,ARLINGTON MIDDLE SCHOOL,248,43
8,16,DUVAL,2161,JEFFERSON DAVIS MIDDLE SCHOOL,344,29
8,16,DUVAL,2191,JOSEPH STILWELL MIDDLE SCHOOL,277,34
8,16,DUVAL,2381,FORT CAROLINE MIDDLE SCHOOL,238,18
8,16,DUVAL,2441,HIGHLANDS MIDDLE SCHOOL,260,28
8,16,DUVAL,2531,TWIN LAKES ACADEMY MIDDLE SCHOOL,415,51
8,16,DUVAL,2541,MAYPORT MIDDLE SCHOOL,273,66
8,16,DUVAL,2561,LANDMARK MIDDLE SCHOOL,346,54
8,16,DUVAL,2591,MANDARIN MIDDLE SCHOOL,429,63
8,16,DUVAL,2671,LAVILLA SCHOOL OF THE ARTS,342,72
8,16,DUVAL,2741,WESTVIEW K-8,90,36
8,16,DUVAL,2791,KERNAN MIDDLE SCHOOL,376,53
8,16,DUVAL,2851,A. PHILIP RANDOLPH ACADEMIES,0,-1
8,16,DUVAL,5351,ACCLAIM ACAD CHARTER SCH DUVAL CTR,67,13
8,16,DUVAL,5371,FL VIRTUAL ACADEMY AT DUVAL COUNTY,14,50
8,16,DUVAL,5391,SAN JOSE ACADEMY,42,33
8,16,DUVAL,5501,SOMERSET K-8,19,16
8,16,DUVAL,7004,DUVAL VIRTUAL ACADEMY FRANCHISE,2,-1
8,16,DUVAL,7023,DUVAL VIRTUAL INSTRUCTION ACADEMY,39,59
8,17,ESCAMBIA,61,BELLVIEW MIDDLE SCHOOL,287,31
8,17,ESCAMBIA,211,CAMELOT ACADEMY OF ESCAMBIA COUNTY,56,0
8,17,ESCAMBIA,221,RANSOM MIDDLE SCHOOL,462,49
8,17,ESCAMBIA,301,FERRY PASS MIDDLE SCHOOL,302,51
8,17,ESCAMBIA,541,ERNEST WARD MIDDLE SCHOOL,141,55
8,17,ESCAMBIA,561,WARRINGTON MIDDLE SCHOOL,217,40
8,17,ESCAMBIA,601,J. H. WORKMAN MIDDLE SCHOOL,320,45
8,17,ESCAMBIA,671,BROWN BARGE MIDDLE SCHOOL,166,69
8,17,ESCAMBIA,852,WOODHAM MIDDLE SCHOOL,242,36
8,17,ESCAMBIA,924,LAKEVIEW SPECIAL EDUCATION,5,-1
8,17,ESCAMBIA,933,HOSPITAL & HOMEBOUND,2,-1
8,17,ESCAMBIA,1221,JIM C. BAILEY MIDDLE SCHOOL,442,47
8,17,ESCAMBIA,2036,LAKEVIEW DROPOUT PREVENTION,2,-1
8,17,ESCAMBIA,2067,ESCAMBIA SCH. DIST. JAIL PROG.,3,-1
8,17,ESCAMBIA,2093,BEULAH ACADEMY OF SCIENCE,105,38
8,17,ESCAMBIA,2124,NEWPOINT ACADEMY,63,51
8,17,ESCAMBIA,7004,ESCAMBIA VIRTUAL ACADEMY,29,59
8,18,FLAGLER,11,BUDDY TAYLOR MIDDLE SCHOOL,511,42
8,18,FLAGLER,61,IMAGINE SCHOOL AT TOWN CENTER,67,54
8,18,FLAGLER,401,INDIAN TRAILS MIDDLE SCHOOL,392,58
8,18,FLAGLER,7004,IFLAGLER-VIRTUAL FRANCHISE,3,-1
8,19,FRANKLIN,91,FRANKLIN COUNTY SCHOOLS PK-12,41,34
8,19,FRANKLIN,101,FRANKLIN COUNTY LEARNING CTR 5-12,2,-1
8,19,FRANKLIN,9009,APALACHICOLA BAY CHARTER SCHOOL,34,71
8,20,GADSDEN,51,WEST GADSDEN HIGH SCHOOL,54,37
8,20,GADSDEN,61,HAVANA MIDDLE SCHOOL,50,36
8,20,GADSDEN,101,GADSDEN ELEMENTARY MAGNET SCHOOL,9,-1
8,20,GADSDEN,211,JAMES A. SHANKS MIDDLE SCHOOL,153,24
8,20,GADSDEN,231,CARTER PARRAMORE ACADEMY,15,0
8,20,GADSDEN,9102,HOPE ACADEMY,4,-1
8,20,GADSDEN,9104,CROSSROAD ACADEMY,35,54
8,20,GADSDEN,9106,GADSDEN CENTRAL ACADEMY,2,-1
8,21,GILCHRIST,21,TRENTON HIGH SCHOOL,107,69
8,21,GILCHRIST,31,BELL HIGH SCHOOL,107,45
8,22,GLADES,21,MOORE HAVEN JR./SR. HIGH SCHL,47,36
8,22,GLADES,55,WEST GLADES SCHOOL,40,73
8,22,GLADES,57,PEMAYETV EMAHAKV MIDDLE SCHOOL,21,33
8,23,GULF,61,PORT ST. JOE HIGH SCHOOL,83,47
8,23,GULF,81,WEWAHITCHKA HIGH SCHOOL,63,40
8,24,HAMILTON,32,HAMILTON COUNTY HIGH SCHOOL,117,13
8,24,HAMILTON,7004,HAMILTON VIRTUAL FRANCHISE,1,-1
8,25,HARDEE,31,HARDEE JUNIOR HIGH SCHOOL,386,33
8,25,HARDEE,81,PIONEER CAREER ACADEMY,4,-1
8,26,HENDRY,20,LABELLE MIDDLE SCHOOL,250,42
8,26,HENDRY,61,CLEWISTON MIDDLE SCHOOL,218,29
8,26,HENDRY,301,CLEWISTON YOUTH DEVELOPMENTAL ACADE,5,-1
8,26,HENDRY,401,LABELLE YOUTH DEVELOPMENTAL ACADEMY,4,-1
8,27,HERNANDO,202,FOX CHAPEL MIDDLE SCHOOL,240,33
8,27,HERNANDO,221,POWELL MIDDLE SCHOOL,303,48
8,27,HERNANDO,231,JOHN FLOYD K-8 SCHOOL ENVIRONMENTAL,85,52
8,27,HERNANDO,241,D. S. PARROTT MIDDLE SCHOOL,285,37
8,27,HERNANDO,253,WEST HERNANDO MIDDLE SCHOOL,322,48
8,27,HERNANDO,331,ENDEAVOR ACADEMY,20,15
8,27,HERNANDO,371,CHALLENGER K-8 SCHOOL OF SCIENCE AN,222,87
8,27,HERNANDO,381,EXPLORER K-8,217,31
8,27,HERNANDO,4422,GULF COAST ACAD OF SCIENCE,30,80
8,27,HERNANDO,4442,GULF COAST MIDDLE SCHOOL,20,35
8,27,HERNANDO,7004,HERNANDO ESCHOOL FRANCHISE,3,-1
8,28,HIGHLANDS,21,SEBRING MIDDLE SCHOOL,214,39
8,28,HIGHLANDS,41,LAKE PLACID MIDDLE SCHOOL,215,33
8,28,HIGHLANDS,91,HILL-GUSTAT MIDDLE SCHOOL,231,42
8,28,HIGHLANDS,111,AVON PARK MIDDLE SCHOOL,223,32
8,28,HIGHLANDS,7001,HIGHLANDS VIRTUAL SCHOOL PROGRAM,1,-1
8,28,HIGHLANDS,9007,THE ACADEMY AT YOUTH CARE LANE,2,-1
8,29,HILLSBOROUGH,41,ADAMS MIDDLE SCHOOL,389,30
8,29,HILLSBOROUGH,52,GIUNTA MIDDLE SCHOOL,352,27
8,29,HILLSBOROUGH,55,SHIELDS MIDDLE SCHOOL,451,33
8,29,HILLSBOROUGH,63,CARVER EXCEPTIONAL CENTER,13,8
8,29,HILLSBOROUGH,74,SERGEANT PAUL R SMITH MIDDLE SCHOOL,359,37
8,29,HILLSBOROUGH,82,PIERCE MIDDLE SCHOOL,377,30
8,29,HILLSBOROUGH,86,BARRINGTON MIDDLE SCHOOL,401,55
8,29,HILLSBOROUGH,103,BARTELS MIDDLE SCHOOL,282,48
8,29,HILLSBOROUGH,201,BENITO MIDDLE SCHOOL,337,62
8,29,HILLSBOROUGH,284,STEWART MIDDLE MAGNET SCHOOL,246,57
8,29,HILLSBOROUGH,322,MCLANE MIDDLE SCHOOL,314,27
8,29,HILLSBOROUGH,363,WATERS CAREER CENTER,1,-1
8,29,HILLSBOROUGH,371,SIMMONS CAREER CENTER,8,-1
8,29,HILLSBOROUGH,561,BUCHANAN MIDDLE SCHOOL,241,37
8,29,HILLSBOROUGH,631,BURNETT MIDDLE SCHOOL,306,33
8,29,HILLSBOROUGH,651,BURNS MIDDLE SCHOOL,468,72
8,29,HILLSBOROUGH,682,VAN BUREN MIDDLE SCHOOL,176,16
8,29,HILLSBOROUGH,842,DOWDELL MIDDLE MAGNET SCHOOL,193,33
8,29,HILLSBOROUGH,921,COLEMAN MIDDLE SCHOOL,287,75
8,29,HILLSBOROUGH,1080,DAVIDSEN MIDDLE SCHOOL,341,47
8,29,HILLSBOROUGH,1324,EISENHOWER MIDDLE SCHOOL,430,37
8,29,HILLSBOROUGH,1441,FARNELL MIDDLE SCHOOL,471,67
8,29,HILLSBOROUGH,1482,SLIGH MIDDLE SCHOOL,218,13
8,29,HILLSBOROUGH,1542,FRANKLIN MIDDLE MAGNET SCHOOL,127,53
8,29,HILLSBOROUGH,1781,GRECO MIDDLE SCHOOL,275,24
8,29,HILLSBOROUGH,1871,HILL MIDDLE SCHOOL,322,41
8,29,HILLSBOROUGH,2042,JENNINGS MIDDLE SCHOOL,271,18
8,29,HILLSBOROUGH,2362,MONROE MIDDLE SCHOOL,205,27
8,29,HILLSBOROUGH,2471,LIBERTY MIDDLE SCHOOL,383,52
8,29,HILLSBOROUGH,2651,MADISON MIDDLE SCHOOL,245,36
8,29,HILLSBOROUGH,2801,MANN MIDDLE SCHOOL,359,39
8,29,HILLSBOROUGH,2841,MARSHALL MIDDLE SCHOOL,279,33
8,29,HILLSBOROUGH,2851,MARTINEZ MIDDLE SCHOOL,346,71
8,29,HILLSBOROUGH,2882,MEMORIAL MIDDLE SCHOOL,246,27
8,29,HILLSBOROUGH,2972,MENDEZ EXCEPTIONAL CENTER,1,-1
8,29,HILLSBOROUGH,3001,FERRELL MIDDLE MAGNET SCHOOL,127,50
8,29,HILLSBOROUGH,3131,MULRENNAN MIDDLE SCHOOL,409,51
8,29,HILLSBOROUGH,3241,ORANGE GROVE MIDDLE MAGNET SCHOOL,156,59
8,29,HILLSBOROUGH,3442,TOMLIN MIDDLE SCHOOL,538,38
8,29,HILLSBOROUGH,3561,PROGRESS VILLAGE MIDDLE MAGNET SCHO,231,49
8,29,HILLSBOROUGH,3620,RANDALL MIDDLE SCHOOL,470,73
8,29,HILLSBOROUGH,3771,RODGERS MIDDLE SCHOOL,283,43
8,29,HILLSBOROUGH,3802,ROLAND PARK K-8 MAGNET SCHOOL,89,71
8,29,HILLSBOROUGH,4002,SIMMONS EXCEPTIONAL CENTER,3,-1
8,29,HILLSBOROUGH,4154,SOUTH COUNTY CAREER CENTER,1,-1
8,29,HILLSBOROUGH,4251,RAMPELLO K-8 MAGNET SCHOOL,109,53
8,29,HILLSBOROUGH,4321,DOROTHY THOMAS CENTER,13,8
8,29,HILLSBOROUGH,4331,NORTH TAMPA ALTERNATIVE SCHOOL,36,6
8,29,HILLSBOROUGH,4332,BRANDON ALTERNATIVE SCHOOL,34,3
8,29,HILLSBOROUGH,4334,TEEN PARENT EAST PROGRAM,0,-1
8,29,HILLSBOROUGH,4351,TEEN PARENT WEST,4,-1
8,29,HILLSBOROUGH,4353,TEEN PARENT SOUTH,1,-1
8,29,HILLSBOROUGH,4391,ACTS,3,-1
8,29,HILLSBOROUGH,4442,WEBB MIDDLE SCHOOL,291,40
8,29,HILLSBOROUGH,4522,TURKEY CREEK MIDDLE SCHOOL,334,42
8,29,HILLSBOROUGH,4611,WALKER MIDDLE MAGNET SCHOOL,259,75
8,29,HILLSBOROUGH,4741,WILLIAMS MIDDLE MAGNET SCHOOL,217,87
8,29,HILLSBOROUGH,4761,WILSON MIDDLE SCHOOL,216,74
8,29,HILLSBOROUGH,5041,YOUNG MIDDLE MAGNET SCHOOL,171,36
8,29,HILLSBOROUGH,5058,FALKENBURG ROAD JAIL,3,-1
8,29,HILLSBOROUGH,5371,HOSPITAL/HOMEBOUND/HOMEBASED PROGRA,7,-1
8,29,HILLSBOROUGH,6606,TERRACE COMMUNITY MIDDLE SCHOOL,216,88
8,29,HILLSBOROUGH,6609,PEPIN ACADEMIES,43,16
8,29,HILLSBOROUGH,6613,LEARNING GATE COMMUNITY SCHOOL,96,71
8,29,HILLSBOROUGH,6620,TAMPA CHARTER SCHOOL,28,68
8,29,HILLSBOROUGH,6621,MOUNT PLEASANT STANDARD BASE,34,26
8,29,HILLSBOROUGH,6624,TRINITY SCHOOL FOR CHILDREN,74,53
8,29,HILLSBOROUGH,6625,LITERACY/LEADERSHIP/TECHNOLOGY ACAD,96,49
8,29,HILLSBOROUGH,6645,ADVANTAGE ACADEMY MIDDLE SCHOOL,33,27
8,29,HILLSBOROUGH,6648,SHILOH MIDDLE CHARTER SCHOOL,61,56
8,29,HILLSBOROUGH,6650,KID'S COMMUNITY COLLEGE MIDDLE CHAR,44,52
8,29,HILLSBOROUGH,6653,WOODMONT CHARTER SCHOOL,67,22
8,29,HILLSBOROUGH,6654,NEW SPRINGS SCHOOL,41,59
8,29,HILLSBOROUGH,6656,PIVOT CHARTER SCHOOL,35,26
8,29,HILLSBOROUGH,6658,WINTHROP CHARTER SCHOOL,121,61
8,29,HILLSBOROUGH,6660,COMMUNITY CHARTER MIDDLE SCHOOL OF,25,48
8,29,HILLSBOROUGH,6663,CHANNELSIDE ACADEMY MIDDLE SCHOOL,11,64
8,29,HILLSBOROUGH,6668,BELL CREEK ACADEMY,104,51
8,29,HILLSBOROUGH,6669,RCMA LEADERSHIP ACADEMY,26,58
8,29,HILLSBOROUGH,7001,HILLSBOROUGH VIRT INSTR PRGS,4,-1
8,29,HILLSBOROUGH,7023,HILLSBOROUGH VIRTUAL SCHOOL,31,35
8,30,HOLMES,12,BONIFAY MIDDLE SCHOOL,127,49
8,30,HOLMES,31,POPLAR SPRINGS HIGH SCHOOL,23,26
8,30,HOLMES,41,BETHLEHEM HIGH SCHOOL,32,31
8,30,HOLMES,61,PONCE DE LEON HIGH SCHOOL,51,25
8,30,HOLMES,471,GRADUATION ASSISTANCE PROGRAM,3,-1
8,30,HOLMES,7023,HOLMES EDGENUITY,2,-1
8,31,INDIAN RIVER,33,ALTERNATIVE CENTER FOR EDUCATION,9,-1
8,31,INDIAN RIVER,81,GIFFORD MIDDLE SCHOOL,302,49
8,31,INDIAN RIVER,171,SEBASTIAN RIVER MIDDLE SCHOOL,285,47
8,31,INDIAN RIVER,271,OSLO MIDDLE SCHOOL,309,46
8,31,INDIAN RIVER,371,STORM GROVE MIDDLE SCHOOL,278,60
8,31,INDIAN RIVER,5005,SEBASTIAN CHART JR HIGH SCHOOL,60,72
8,31,INDIAN RIVER,5006,IMAGINE SCHOOLS AT SOUTH VERO,89,56
8,32,JACKSON,61,MARIANNA MIDDLE SCHOOL,225,61
8,32,JACKSON,121,MALONE HIGH SCHOOL,35,60
8,32,JACKSON,181,GRAND RIDGE SCHOOL,105,57
8,32,JACKSON,202,HOPE SCHOOL,5,-1
8,32,JACKSON,212,JACKSON ALTERNATIVE SCHOOL,13,8
8,32,JACKSON,251,COTTONDALE HIGH SCHOOL,73,47
8,32,JACKSON,491,GRACEVILLE HIGH SCHOOL,56,34
8,32,JACKSON,7001,JACKSON VIRTUAL INSTRUCTION PROGRAM,1,-1
8,33,JEFFERSON,21,JEFFERSON COUNTY MIDDLE/HIGH SCHOOL,81,10
8,33,JEFFERSON,7001,JEFFERSON VIRTUAL INSTRUCTION PROGR,1,-1
8,34,LAFAYETTE,21,LAFAYETTE HIGH SCHOOL,84,48
8,34,LAFAYETTE,7004,LAFAYETTE VIRTUAL FRANCHISE,1,-1
8,35,LAKE,80,EAST RIDGE MIDDLE SCHOOL,395,52
8,35,LAKE,113,GRAY MIDDLE SCHOOL,328,60
8,35,LAKE,213,TAVARES MIDDLE SCHOOL,303,52
8,35,LAKE,251,OAK PARK MIDDLE SCHOOL,176,31
8,35,LAKE,351,CARVER MIDDLE SCHOOL,246,32
8,35,LAKE,401,CLERMONT MIDDLE SCHOOL,251,53
8,35,LAKE,411,MT. DORA MIDDLE SCHOOL,245,40
8,35,LAKE,481,WINDY HILL MIDDLE SCHOOL,409,51
8,35,LAKE,536,LAKE ACADEMY EUSTIS,12,0
8,35,LAKE,571,UMATILLA MIDDLE SCHOOL,197,39
8,35,LAKE,631,SPRING CREEK CHARTER SCHOOL,36,50
8,35,LAKE,697,EUSTIS MIDDLE SCHOOL,364,43
8,35,LAKE,7004,LAKE VIRTUAL FRANCHISE,8,-1
8,35,LAKE,7023,LAKE VIRTUAL INSTRUC PROG,1,-1
8,35,LAKE,9010,LAKE ACADEMY LEESBURG,18,0
8,35,LAKE,9029,MILESTONES COMMUNITY SCHOOL,26,31
8,35,LAKE,9031,IMAGINE SCHOOLS AT SOUTH LAKE,90,63
8,36,LEE,91,THE ALVA SCHOOL,161,52
8,36,LEE,133,CHALLENGER MIDDLE SCHOOL,340,60
8,36,LEE,141,CYPRESS LAKE MIDDLE SCHOOL,243,61
8,36,LEE,152,LEE ADOLESCENT MOTHERS PROGRAM,4,-1
8,36,LEE,161,PAUL LAURENCE DUNBAR MIDDLE SCHOOL,322,44
8,36,LEE,211,FORT MYERS MIDDLE ACADEMY,158,28
8,36,LEE,242,VARSITY LAKES MIDDLE SCHOOL,325,59
8,36,LEE,351,LEXINGTON MIDDLE SCHOOL,296,54
8,36,LEE,361,THE SANIBEL SCHOOL,36,86
8,36,LEE,382,OAK HAMMOCK MIDDLE SCHOOL,358,40
8,36,LEE,552,ALTERNATIVE LEARNING CENTER CENTRAL,39,8
8,36,LEE,572,CALOOSA MIDDLE SCHOOL,299,47
8,36,LEE,582,HARNS MARSH MIDDLE SCHOOL,271,22
8,36,LEE,592,JAMES STEPHENS INTERANATIONAL ACADE,123,13
8,36,LEE,601,N. FT. MYERS ACADEMY FOR ARTS,163,57
8,36,LEE,611,BONITA SPRINGS MID CTR FOR THE ARTS,250,41
8,36,LEE,651,ROYAL PALM EXCEPTIONAL SCHOOL CENTE,10,0
8,36,LEE,671,GULF MIDDLE SCHOOL,251,58
8,36,LEE,682,SW FL ADDICTION SERVICES-THE VINCE,1,-1
8,36,LEE,691,LEHIGH ACRES MIDDLE SCHOOL,357,31
8,36,LEE,722,MARINER MIDDLE SCHOOL,343,32
8,36,LEE,752,ALTERNATIVE LEARNING CENTER WEST,25,28
8,36,LEE,761,TRAFALGAR MIDDLE SCHOOL,284,63
8,36,LEE,772,DIPLOMAT MIDDLE SCHOOL,286,56
8,36,LEE,821,THREE OAKS MIDDLE SCHOOL,296,61
8,36,LEE,851,VETERANS PARK ACADEMY FOR THE ARTS,201,45
8,36,LEE,4102,BONITA SPRINGS CHARTER SCHOOL,123,54
8,36,LEE,4111,CAPE CORAL CHARTER SCHOOL,47,40
8,36,LEE,4141,SIX MILE CHARTER ACADEMY,115,47
8,36,LEE,4171,OASIS CHARTER MIDDLE SCHOOL,275,61
8,36,LEE,4211,PIVOT CHARTER SCHOOL,36,17
8,36,LEE,4241,FORT MYERS PREPARATORY AND FITNESS,16,19
8,36,LEE,4261,GATEWAY CHARTER INTERMEDIATE SCHOOL,265,52
8,36,LEE,4281,BONITA SPRINGS PREP AND FITNESS ACA,23,57
8,36,LEE,7004,LEE COUNTY VIRTUAL FRANCHISE,17,71
8,36,LEE,9450,COUNTY WIDE EXCEPTIONAL CHILD PRO,9,-1
8,37,LEON,32,ELIZABETH COBB MIDDLE SCHOOL,239,57
8,37,LEON,92,RAA MIDDLE SCHOOL,297,56
8,37,LEON,191,SECOND CHANCE AT GHAZVINI LEARNING,24,4
8,37,LEON,222,GRIFFIN MIDDLE SCHOOL,184,30
8,37,LEON,291,R. FRANK NIMS MIDDLE SCHOOL,136,46
8,37,LEON,451,FAIRVIEW MIDDLE SCHOOL,234,53
8,37,LEON,452,PACE SECONDARY SCHOOL,6,-1
8,37,LEON,531,DEERLAKE MIDDLE SCHOOL,317,81
8,37,LEON,561,FORT BRADEN ELEMENTARY SCHOOL,81,51
8,37,LEON,1151,SWIFT CREEK MIDDLE SCHOOL,271,61
8,37,LEON,1201,WILLIAM J MONTFORD III MIDDLE SCHOO,382,70
8,37,LEON,1211,SUCCESS ACADEMY AT GHAZVINI LEARNIN,42,17
8,37,LEON,1401,C.K. STEELE-LEROY COLLINS CHAR,9,-1
8,37,LEON,1402,THE SCHOOL OF ARTS SCIENCES,27,85
8,37,LEON,1417,STARS MIDDLE SCHOOL,41,51
8,37,LEON,1421,IMAGINE SCHOOL AT EVENING ROSE,25,52
8,37,LEON,7004,LEON COUNTY VIRTUAL SCHOOL FRANCHIS,2,-1
8,38,LEVY,21,BRONSON MIDDLE/HIGH SCHOOL,83,42
8,38,LEVY,23,HILLTOP ALTERNATIVE SCHOOL,10,10
8,38,LEVY,24,SUMMIT ACADEMY,4,-1
8,38,LEVY,41,CEDAR KEY HIGH SCHOOL,16,56
8,38,LEVY,51,CHIEFLAND HIGH SCHOOL,105,43
8,38,LEVY,62,NATURE COAST MIDDLE SCHOOL,35,43
8,38,LEVY,101,WILLISTON MIDDLE SCHOOL,151,36
8,38,LEVY,111,YANKEETOWN SCHOOL,18,72
8,38,LEVY,7004,LEVY VIRTUAL FRANCHISE,1,-1
8,39,LIBERTY,31,W. R. TOLAR K-8 SCHOOL,52,48
8,39,LIBERTY,41,HOSFORD ELEM. JR. HIGH SCHOOL,28,54
8,39,LIBERTY,71,HORIZONS SCHOOL,4,-1
8,40,MADISON,41,MADISON COUNTY CENTRAL SCHOOL,160,38
8,40,MADISON,950,MADISON COUNTY EXCEL ALT SCHOOL,6,-1
8,41,MANATEE,181,MANATEE HIGH SCHOOL,5,-1
8,41,MANATEE,212,CENTRAL HIGH SCHOOL,6,-1
8,41,MANATEE,351,PALMETTO HIGH SCHOOL,3,-1
8,41,MANATEE,491,LINCOLN MIDDLE SCHOOL,211,26
8,41,MANATEE,581,W. D. SUGG MIDDLE SCHOOL,281,26
8,41,MANATEE,591,SARA SCOTT HARLLEE MIDDLE SCHOOL,158,19
8,41,MANATEE,611,MARTHA B. KING MIDDLE SCHOOL,354,51
8,41,MANATEE,652,BRADEN RIVER MIDDLE SCHOOL,336,49
8,41,MANATEE,691,LOUISE R. JOHNSON MIDDLE SCHOOL,171,68
8,41,MANATEE,711,CARLOS E. HAILE MIDDLE SCHOOL,373,63
8,41,MANATEE,731,HORIZONS ACADEMY,33,6
8,41,MANATEE,752,R. DAN NOLAN MIDDLE SCHOOL,353,67
8,41,MANATEE,761,ELECTA LEE MAGNET MIDDLE SCHOOL,276,41
8,41,MANATEE,842,BUFFALO CREEK MIDDLE SCHOOL,300,51
8,41,MANATEE,2007,JUST FOR GIRLS,12,0
8,41,MANATEE,2053,HOSPITAL HOMEBOUND INSTRUCTION,2,-1
8,41,MANATEE,2056,PALMSHORES BEHAVIOR HEALTH CENTER,7,-1
8,41,MANATEE,2062,FLORIDA SHERIFF'S YOUTH RANCH,3,-1
8,41,MANATEE,2068,THE PORT ACADEMY,3,-1
8,41,MANATEE,2073,Y TECHNICAL HIGH SCHOOL,17,-1
8,41,MANATEE,2102,TEAM SUCCESS A SCHOOL OF EXCELLENCE,25,72
8,41,MANATEE,2104,MANATEE SCHOOL FOR THE ARTS,277,50
8,41,MANATEE,2122,OASIS MIDDLE SCHOOL,21,24
8,41,MANATEE,2123,IMAGINE CHARTER SCHOOL AT NORTH MAN,31,35
8,41,MANATEE,2124,IMAGINE CHARTER AT LAKEWOOD RANCH,54,43
8,41,MANATEE,2131,PALMETTO CHARTER SCHOOL,47,45
8,41,MANATEE,2141,STATE COLLEGE OF FLORIDA COLLEGIATE,67,69
8,41,MANATEE,7001,MANATEE VIRTUAL INSTRUCTION PROGRAM,5,-1
8,41,MANATEE,7004,MANATEE VIRTUAL FRANCHISE,1,-1
8,42,MARION,51,HOWARD MIDDLE SCHOOL,373,62
8,42,MARION,172,DUNNELLON MIDDLE SCHOOL,200,37
8,42,MARION,221,FORT KING MIDDLE SCHOOL,338,47
8,42,MARION,281,LAKE WEIR MIDDLE SCHOOL,417,36
8,42,MARION,361,OSCEOLA MIDDLE SCHOOL,309,52
8,42,MARION,491,NORTH MARION MIDDLE SCHOOL,260,27
8,42,MARION,531,FORT MCCOY SCHOOL,174,45
8,42,MARION,631,BELLEVIEW MIDDLE SCHOOL,364,38
8,42,MARION,691,LIBERTY MIDDLE SCHOOL,352,39
8,42,MARION,721,HORIZON ACADEMY AT MARION OAKS,232,37
8,42,MARION,7004,MARION VIRTUAL FRANCHISE,4,-1
8,42,MARION,9346,STUDENT SERVICES/ESE,3,-1
8,42,MARION,9618,SILVER RIVER MENTORING AND INSTRUCT,76,8
8,42,MARION,9731,KINGSBURY ACADEMY,23,4
8,42,MARION,9737,MCSO ADULTS,2,-1
8,43,MARTIN,21,STUART MIDDLE SCHOOL,358,59
8,43,MARTIN,70,SANDY PINES,16,0
8,43,MARTIN,71,ESE HOMEBOUND,2,-1
8,43,MARTIN,73,SPECTRUM JUNIOR/SENIOR HIGH SCHOOL,12,17
8,43,MARTIN,81,MURRAY MIDDLE SCHOOL,263,55
8,43,MARTIN,221,INDIANTOWN MIDDLE SCHOOL,95,29
8,43,MARTIN,294,CHALLENGER SCHOOL,3,-1
8,43,MARTIN,321,HIDDEN OAKS MIDDLE SCHOOL,367,72
8,43,MARTIN,361,DR. DAVID L. ANDERSON MIDDLE SCHOOL,280,55
8,44,MONROE,111,HORACE O'BRYANT SCHOOL,188,49
8,44,MONROE,131,MARATHON SCHOOL,81,48
8,44,MONROE,151,ACADEMIC CONNECTIONS FOR EXCELLENCE,3,-1
8,44,MONROE,201,SUGARLOAF SCHOOL,76,50
8,44,MONROE,291,KEY LARGO SCHOOL,99,60
8,44,MONROE,321,PLANTATION KEY SCHOOL,68,75
8,44,MONROE,341,SIGSBEE CHARTER SCHOOL,40,83
8,44,MONROE,351,KEY WEST MONTESSORI CHARTER SCH,2,-1
8,44,MONROE,371,TREASURE VILLAGE MONTESSORI CHARTER,23,91
8,44,MONROE,391,BIG PINE ACADEMY,10,40
8,45,NASSAU,31,FERNANDINA BEACH MIDDLE SCHOOL,213,67
8,45,NASSAU,131,CALLAHAN MIDDLE SCHOOL,263,62
8,45,NASSAU,151,HILLIARD MIDDLE-SENIOR HIGH,94,52
8,45,NASSAU,221,YULEE MIDDLE SCHOOL,283,56
8,46,OKALOOSA,41,BAKER SCHOOL,107,46
8,46,OKALOOSA,82,CLIFFORD MEIGS MIDDLE SCHOOL,167,66
8,46,OKALOOSA,92,SHOAL RIVER MIDDLE SCHOOL,269,61
8,46,OKALOOSA,121,C. W. RUCKEL MIDDLE SCHOOL,346,83
8,46,OKALOOSA,201,LAUREL HILL SCHOOL,28,43
8,46,OKALOOSA,271,W. C. PRYOR MIDDLE SCHOOL,188,60
8,46,OKALOOSA,651,MAX BRUNER JUNIOR MIDDLE SCHOOL,246,54
8,46,OKALOOSA,671,ADDIE R. LEWIS SCHOOL,106,74
8,46,OKALOOSA,701,CHOICE HIGH SCHOOL AND TECHNICAL CE,13,23
8,46,OKALOOSA,761,DAVIDSON MIDDLE SCHOOL,253,46
8,46,OKALOOSA,771,DESTIN MIDDLE SCHOOL,155,78
8,46,OKALOOSA,791,EMERALD COAST CAREER INSTITUTE N,3,-1
8,46,OKALOOSA,7001,OKALOOSA VIRTUAL INSTRUCTION PROGRA,1,-1
8,46,OKALOOSA,7023,OKALOOSA ONLINE NON FRANCHISED,13,15
8,46,OKALOOSA,9800,OKALOOSA ACADEMY,49,20
8,46,OKALOOSA,9807,LIZA JACKSON PREPARATORY SCHOOL,95,79
8,46,OKALOOSA,9818,NORTHWEST FLORIDA BALLET ACADEMIE,16,75
8,46,OKALOOSA,9819,ADJUDICATED YOUTH FACILITY,1,-1
8,47,OKEECHOBEE,113,OKEECHOBEE ACHIEVEMENT ACADEMY,9,-1
8,47,OKEECHOBEE,121,YEARLING MIDDLE SCHOOL,218,36
8,47,OKEECHOBEE,201,OSCEOLA MIDDLE SCHOOL,244,35
8,48,ORANGE,11,HOSPITAL HOMEBOUND,17,35
8,48,ORANGE,31,LA AMISTAD,6,-1
8,48,ORANGE,32,ESTEEM ACADEMY,1,-1
8,48,ORANGE,42,BETA,2,-1
8,48,ORANGE,43,UNIVERSITY BEHAVIORAL CENTER,14,14
8,48,ORANGE,53,PASSPORT CHARTER,21,38
8,48,ORANGE,56,LAKE EOLA CHARTER,29,79
8,48,ORANGE,61,HOPE CHARTER,42,60
8,48,ORANGE,89,ORLANDO SCIENCE MIDDLE HIGH CHARTER,109,75
8,48,ORANGE,113,PROJECT COMPASS,0,-1
8,48,ORANGE,114,YOUTHFUL OFFENDERS PROGRAM,4,-1
8,48,ORANGE,131,HOWARD MIDDLE,242,49
8,48,ORANGE,133,CORNERSTONE ACADEMY CHARTER,99,57
8,48,ORANGE,149,CENTRAL FLORIDA LEADERSHIP ACADEMY,54,48
8,48,ORANGE,151,MEMORIAL MIDDLE,232,21
8,48,ORANGE,152,INNOVATIONS MIDDLE CHARTER,67,6
8,48,ORANGE,155,PINECREST PREPARATORY CHARTER,21,52
8,48,ORANGE,177,ACCESS CHARTER,2,-1
8,48,ORANGE,242,LEGACY MIDDLE,288,47
8,48,ORANGE,245,FREEDOM MIDDLE,353,46
8,48,ORANGE,282,APOPKA MIDDLE,346,43
8,48,ORANGE,342,OCOEE MIDDLE,452,54
8,48,ORANGE,352,LAKEVIEW MIDDLE,314,41
8,48,ORANGE,381,HUNTERS CREEK MIDDLE,409,62
8,48,ORANGE,392,SILVER STAR CENTER,15,0
8,48,ORANGE,441,DEVEREUX TREATMENT PROGRAM,5,-1
8,48,ORANGE,571,GLENRIDGE MIDDLE,439,66
8,48,ORANGE,581,ROBERT E LEE MIDDLE,292,32
8,48,ORANGE,591,GATEWAY,10,10
8,48,ORANGE,631,BLANKNER K-8,106,68
8,48,ORANGE,721,LOCKHART MIDDLE,263,29
8,48,ORANGE,731,MAITLAND MIDDLE,335,62
8,48,ORANGE,764,EXCEL HIGH,60,8
8,48,ORANGE,911,UNION PARK MIDDLE,309,38
8,48,ORANGE,921,ROBINSWOOD MIDDLE,415,33
8,48,ORANGE,981,ARBOR RIDGE K-8,80,94
8,48,ORANGE,1031,SOUTHWEST MIDDLE,381,55
8,48,ORANGE,1061,WINDY RIDGE K-8,91,87
8,48,ORANGE,1111,STONEWALL JACKSON MIDDLE,444,37
8,48,ORANGE,1121,DISCOVERY MIDDLE,295,65
8,48,ORANGE,1133,WESTRIDGE MIDDLE,395,37
8,48,ORANGE,1151,JUDSON B WALKER MIDDLE,341,30
8,48,ORANGE,1241,MEADOWBROOK MIDDLE,311,21
8,48,ORANGE,1281,CORNER LAKE MIDDLE,435,51
8,48,ORANGE,1291,CHAIN OF LAKES MIDDLE,451,52
8,48,ORANGE,1381,MEADOW WOODS MIDDLE,367,50
8,48,ORANGE,1391,CONWAY MIDDLE,325,56
8,48,ORANGE,1551,LIBERTY MIDDLE,346,44
8,48,ORANGE,1671,PIEDMONT LAKES MIDDLE,402,40
8,48,ORANGE,1681,GOTHA MIDDLE,393,62
8,48,ORANGE,1682,ODYSSEY MIDDLE,325,47
8,48,ORANGE,1702,WOLF LAKE MIDDLE,393,43
8,48,ORANGE,1703,SOUTH CREEK MIDDLE,336,47
8,48,ORANGE,1762,BRIDGEWATER MIDDLE,354,71
8,48,ORANGE,1763,AVALON MIDDLE,532,72
8,48,ORANGE,1811,ACCELERATION ACADEMY,49,10
8,48,ORANGE,1911,SUNRIDGE MIDDLE,395,75
8,48,ORANGE,1931,LAKE NONA MIDDLE,503,66
8,48,ORANGE,5871,CARVER MIDDLE,213,15
8,48,ORANGE,7001,ORANGE COUNTY VIRTUAL INSTRUCTION P,3,-1
8,48,ORANGE,7004,ORANGE COUNTY VIRTUAL FRANCHISE,19,53
8,49,OSCEOLA,11,HARMONY COMMUNITY SCHOOL,32,94
8,49,OSCEOLA,40,NARCOOSSEE MIDDLE SCHOOL,359,49
8,49,OSCEOLA,41,DISCOVERY INTERMEDIATE SCHOOL,395,35
8,49,OSCEOLA,91,DENN JOHN MIDDLE SCHOOL,381,29
8,49,OSCEOLA,151,ACCLAIM ACADEMY OF FLORIDA INC,118,28
8,49,OSCEOLA,153,FLORIDA VIRTUAL ACADEMY AT OSCEOLA,4,-1
8,49,OSCEOLA,154,I VIRTUAL LEAGUE ACADEMY,3,-1
8,49,OSCEOLA,155,AVANT GARDE ACADEMY,43,23
8,49,OSCEOLA,251,KISSIMMEE MIDDLE SCHOOL,390,31
8,49,OSCEOLA,272,ST. CLOUD MIDDLE SCHOOL,364,46
8,49,OSCEOLA,302,WESTSIDE K-8 SCHOOL,171,44
8,49,OSCEOLA,311,NEPTUNE MIDDLE SCHOOL,469,47
8,49,OSCEOLA,341,HORIZON MIDDLE SCHOOL,439,47
8,49,OSCEOLA,711,CELEBRATION SCHOOL,169,80
8,49,OSCEOLA,821,PARKWAY MIDDLE SCHOOL,339,36
8,49,OSCEOLA,863,FOUR CORNERS CHARTER SCHOOL,119,48
8,49,OSCEOLA,866,KISSIMMEE CHARTER ACADEMY,106,50
8,49,OSCEOLA,881,P. M. WELLS CHARTER ACADEMY,90,37
8,49,OSCEOLA,916,CANOE CREEK CHARTER ACADEMY,42,48
8,49,OSCEOLA,921,OSCEOLA COUNTY SCHOOL OF ARTS,108,81
8,49,OSCEOLA,932,BELLALAGO ACADEMY,206,44
8,49,OSCEOLA,7001,OSCEOLA VIRTUAL INSTRUCTION PROGRAM,3,-1
8,49,OSCEOLA,7004,OSCEOLA VIRTUAL FRANCHISE,3,-1
8,49,OSCEOLA,9003,ZENITH,89,15
8,49,OSCEOLA,9020,OASIS ADOLESCENT CAMPUS,4,-1
8,49,OSCEOLA,9036,NEW BEGINNINGS EDUCATION CENTER,54,11
8,49,OSCEOLA,9041,HOSPITAL/HOMEBOUND PROGRAM,2,-1
8,50,PALM BEACH,21,L C SWAIN MIDDLE SCHOOL,360,29
8,50,PALM BEACH,121,HOWELL L. WATKINS MIDDLE SCHOOL,207,32
8,50,PALM BEACH,201,JOHN F. KENNEDY MIDDLE SCHOOL,266,29
8,50,PALM BEACH,311,ROOSEVELT MIDDLE SCHOOL,354,46
8,50,PALM BEACH,541,CONNISTON MIDDLE SCHOOL,379,41
8,50,PALM BEACH,611,PALM SPRINGS MIDDLE SCHOOL,564,36
8,50,PALM BEACH,664,ACADEMY FOR POSITIVE LEARNING,9,-1
8,50,PALM BEACH,761,LANTANA MIDDLE SCHOOL,271,38
8,50,PALM BEACH,842,TURNING POINTS ACADEMY,21,5
8,50,PALM BEACH,1232,LAKE SHORE MIDDLE SCHOOL,255,20
8,50,PALM BEACH,1491,BOCA RATON COMMUNITY MIDDLE SCHOOL,433,59
8,50,PALM BEACH,1581,CONGRESS COMMUNITY MIDDLE SCHOOL,314,40
8,50,PALM BEACH,1641,GOLD COAST COMMUNITY SCHOOL,71,13
8,50,PALM BEACH,1691,CRESTWOOD COMMUNITY MIDDLE,361,55
8,50,PALM BEACH,1701,WELLINGTON LANDINGS MIDDLE,400,78
8,50,PALM BEACH,1731,JUPITER MIDDLE SCHOOL,388,71
8,50,PALM BEACH,1751,LOGGERS' RUN COMMUNITY MIDDLE SCHOO,346,61
8,50,PALM BEACH,1771,PAHOKEE MIDDLE-SENIOR HIGH,126,21
8,50,PALM BEACH,1821,CHRISTA MCAULIFFE MIDDLE SCHOOL,469,61
8,50,PALM BEACH,1921,WOODLANDS MIDDLE SCHOOL,400,52
8,50,PALM BEACH,1971,WATSON B. DUNCAN MIDDLE SCHOOL,428,68
8,50,PALM BEACH,1981,BEAR LAKES MIDDLE SCHOOL,272,28
8,50,PALM BEACH,1991,OMNI MIDDLE SCHOOL,489,65
8,50,PALM BEACH,2041,CARVER MIDDLE SCHOOL,322,30
8,50,PALM BEACH,2131,LAKE WORTH COMMUNITY MIDDLE,308,30
8,50,PALM BEACH,2151,OKEEHEELEE MIDDLE SCHOOL,501,36
8,50,PALM BEACH,2411,INDIAN RIDGE SCHOOL,12,8
8,50,PALM BEACH,2451,WESTERN PINES COMMUNITY MIDDLE,370,65
8,50,PALM BEACH,2461,EAGLES LANDING MIDDLE SCHOOL,430,60
8,50,PALM BEACH,2511,BAK MIDDLE SCHOOL OF THE ARTS,437,87
8,50,PALM BEACH,2601,ODYSSEY MIDDLE SCHOOL,321,45
8,50,PALM BEACH,2611,POLO PARK MIDDLE SCHOOL,272,65
8,50,PALM BEACH,2621,INDEPENDENCE MIDDLE SCHOOL,450,69
8,50,PALM BEACH,2661,JOSEPH LITTLES-NGUZO SABA,9,-1
8,50,PALM BEACH,2701,JEAGA MIDDLE SCHOOL,382,32
8,50,PALM BEACH,2711,DON ESTRIDGE HIGH TECH MIDDLE,408,74
8,50,PALM BEACH,2781,TRADEWINDS MIDDLE SCHOOL,396,42
8,50,PALM BEACH,2801,PALM BEACH MARITIME ACADEMY,91,62
8,50,PALM BEACH,2811,VILLAGE ACADEMY ON THE ART SARA J,55,16
8,50,PALM BEACH,2821,OSCEOLA CREEK MIDDLE SCHOOL,220,65
8,50,PALM BEACH,2911,WESTERN ACADEMY CHARTER SCHOOL,38,68
8,50,PALM BEACH,3002,PALM BEACH COUNTY JAIL,3,-1
8,50,PALM BEACH,3024,HIGHRIDGE FAMILY CENTER,13,23
8,50,PALM BEACH,3039,ALTERNATIVE PROGRAM CENTRAL,1,-1
8,50,PALM BEACH,3046,SOUTH AREA SECONDARY INTENSIVE TRAN,28,4
8,50,PALM BEACH,3101,CROSSROADS ACADEMY,27,0
8,50,PALM BEACH,3371,EMERALD COVE MIDDLE SCHOOL,406,65
8,50,PALM BEACH,3381,IMAGINE SCHOOLS CHANCELLOR CAMPUS,104,48
8,50,PALM BEACH,3385,BRIGHT FUTURES ACADEMY,57,49
8,50,PALM BEACH,3392,CHARTER SCHOOL OF BOYNTON BEACH,42,14
8,50,PALM BEACH,3441,SOUTH TECH PREPARATORY ACADEMY,83,46
8,50,PALM BEACH,3961,GARDENS SCHOOL OF TECHNOLOGY ARTS I,21,43
8,50,PALM BEACH,4012,SOMERSET ACADEMY CANYONS MIDDLE SCH,124,59
8,50,PALM BEACH,4040,FL VIRTUAL ACAD AT PALM BCH COUNTY,5,-1
8,50,PALM BEACH,7004,PALM BEACH VIRTUAL FRANCHISE,11,82
8,50,PALM BEACH,7079,K-8 FLVA VIRTUAL SCHOOL CONTINUITY,4,-1
8,51,PASCO,57,SEVEN SPRINGS MIDDLE SCHOOL,473,72
8,51,PASCO,69,CHASCO MIDDLE SCHOOL,231,32
8,51,PASCO,71,PASCO MIDDLE SCHOOL,288,41
8,51,PASCO,74,CENTENNIAL MIDDLE SCHOOL,218,39
8,51,PASCO,86,DR. JOHN LONG MIDDLE SCHOOL,559,63
8,51,PASCO,89,PAUL R. SMITH MIDDLE SCHOOL,372,42
8,51,PASCO,100,CHARLES S. RUSHE MIDDLE SCHOOL,434,60
8,51,PASCO,102,RAYMOND B. STEWART MIDDLE SCHOOL,307,40
8,51,PASCO,103,CREWS LAKE MIDDLE SCHOOL,243,41
8,51,PASCO,242,SCHWETTMAN EDUCATION CENTER,16,0
8,51,PASCO,261,GULF MIDDLE SCHOOL,261,39
8,51,PASCO,342,BAYONET POINT MIDDLE SCHOOL,202,31
8,51,PASCO,461,THOMAS E. WEIGHTMAN MIDDLE SCHOOL,420,57
8,51,PASCO,472,RIVER RIDGE MIDDLE SCHOOL,411,60
8,51,PASCO,921,PINE VIEW MIDDLE SCHOOL,302,75
8,51,PASCO,951,HUDSON MIDDLE SCHOOL,258,35
8,51,PASCO,991,MARCHMAN TECHNICAL EDUCATION CENTER,2,-1
8,51,PASCO,2101,BAYCARE BEHAVIORAL HEALTH,7,-1
8,51,PASCO,2102,AMI KIDS PASCO,6,-1
8,51,PASCO,4301,DAYSPRING ACADEMY,62,87
8,51,PASCO,4302,ACADEMY AT THE FARM,44,59
8,51,PASCO,4307,COUNTRYSIDE MONTESSORI ACADEMY,12,50
8,51,PASCO,4321,ATHENIAN ACADEMY OF PASCO COUNTY,25,52
8,51,PASCO,4323,IMAGINE SCHOOL AT LAND O' LAKES,45,64
8,51,PASCO,4325,FLORIDA VIRTUAL ACADEMY AT PASCO,4,-1
8,51,PASCO,7004,PASCO ESCHOOL-VIRTUAL FRANCHISE,10,90
8,51,PASCO,7071,JAMES IRVIN EDUCATION CENTER,34,0
8,52,PINELLAS,121,AZALEA MIDDLE SCHOOL,330,22
8,52,PINELLAS,141,LARGO MIDDLE SCHOOL,274,27
8,52,PINELLAS,171,BAY POINT MIDDLE SCHOOL,294,37
8,52,PINELLAS,531,JOSEPH L. CARWISE MIDDLE SCHOOL,441,64
8,52,PINELLAS,731,CLEARWATER FUNDAMENTAL MIDDLE SCHOO,263,76
8,52,PINELLAS,1091,DUNEDIN HIGHLAND MIDDLE SCHOOL,315,50
8,52,PINELLAS,1281,FITZGERALD MIDDLE SCHOOL,431,48
8,52,PINELLAS,1801,CALVIN A. HUNSINGER SCHOOL,13,8
8,52,PINELLAS,2151,LEALMAN INTERMEDIATE,58,5
8,52,PINELLAS,2261,MADEIRA BEACH FUNDAMENTAL K-8,321,69
8,52,PINELLAS,2321,MEADOWLAWN MIDDLE SCHOOL,407,34
8,52,PINELLAS,2441,CHI CHI RODRIQUEZ ACADEMY,12,17
8,52,PINELLAS,2821,PINELLAS SECONDARY SCHOOL,31,3
8,52,PINELLAS,2861,OAK GROVE MIDDLE SCHOOL,369,45
8,52,PINELLAS,3041,OSCEOLA MIDDLE SCHOOL,383,51
8,52,PINELLAS,3191,PALM HARBOR MIDDLE SCHOOL,472,55
8,52,PINELLAS,3231,RICHARD L. SANDERS SCHOOL,9,-1
8,52,PINELLAS,3341,CLEARWATER INTERMEDIATE,99,7
8,52,PINELLAS,3411,PINELLAS PARK MIDDLE SCHOOL,341,33
8,52,PINELLAS,3741,SAFETY HARBOR MIDDLE SCHOOL,481,59
8,52,PINELLAS,3761,JAMES B. SANDERLIN PK-8,61,75
8,52,PINELLAS,3931,SEMINOLE MIDDLE SCHOOL,411,47
8,52,PINELLAS,4061,JOHN HOPKINS MIDDLE SCHOOL,315,31
8,52,PINELLAS,4581,TARPON SPRINGS MIDDLE SCHOOL,344,59
8,52,PINELLAS,4611,TYRONE MIDDLE SCHOOL,297,37
8,52,PINELLAS,4631,THURGOOD MARSHALL FUNDAMENTAL,295,63
8,52,PINELLAS,7023,PINELLAS VIRTUAL K-12,31,42
8,52,PINELLAS,7051,PINELLAS TELESCHOOL,4,-1
8,52,PINELLAS,7071,DROPOUT PREVENTION SCHOOL,24,4
8,52,PINELLAS,7073,EYES-E-NINI-HASSEE CAMP,8,-1
8,52,PINELLAS,7081,HOSPITAL/HOMEBOUND,15,53
8,52,PINELLAS,7151,ATHENIAN ACADEMY,23,48
8,52,PINELLAS,7171,PINELLAS PREPARATORY ACADEMY,82,50
8,52,PINELLAS,7181,PLATO ACADEMY CHARTER SCHOOL,41,78
8,52,PINELLAS,7221,IMAGINE MIDDLE SCHOOL,16,19
8,52,PINELLAS,7281,PLATO ACADEMY NORTH K-8 CHARTER SCH,43,74
8,52,PINELLAS,7291,PINELLAS ACADEMY OF MATH AND SCIENC,16,44
8,52,PINELLAS,7311,UNIVERSITY PREP ACADEMY CHARTER SCH,11,18
8,52,PINELLAS,7361,NEWPOINT PINELLAS ACADEMY CHARTER,19,26
8,52,PINELLAS,7381,PLATO ACADEMY SOUTH K-8 CHARTER SCH,44,70
8,52,PINELLAS,8060,PINELLAS COUNTY JAIL,1,-1
8,53,POLK,43,LAWTON CHILES MIDDLE ACADEMY,209,73
8,53,POLK,51,SOUTHWEST MIDDLE SCHOOL,284,35
8,53,POLK,261,ROCHELLE SCHOOL OF THE ARTS,90,44
8,53,POLK,311,DANIEL JENKINS ACADEMY TECH,164,57
8,53,POLK,321,SHELLEY S. BOONE MIDDLE SCHOOL,283,29
8,53,POLK,401,DAVENPORT SCHOOL OF THE ARTS,143,44
8,53,POLK,421,DON E WOODS OPPORTUNITY CENTER,48,0
8,53,POLK,491,DENISON MIDDLE SCHOOL,275,32
8,53,POLK,571,WESTWOOD MIDDLE SCHOOL,294,21
8,53,POLK,711,JEWETT MIDDLE ACADEMY MAGNET,185,71
8,53,POLK,712,JEWETT SCHOOL OF THE ARTS,78,29
8,53,POLK,791,FT. MEADE MIDDLE/SR. HIGH SCHL,103,26
8,53,POLK,821,JERE L. STAMBAUGH MIDDLE,305,21
8,53,POLK,931,BARTOW MIDDLE SCHOOL,287,30
8,53,POLK,932,COMPASS MIDDLE CHARTER SCHOOL,16,6
8,53,POLK,971,UNION ACADEMY,123,62
8,53,POLK,1161,MULBERRY MIDDLE SCHOOL,310,45
8,53,POLK,1191,KATHLEEN MIDDLE SCHOOL,253,30
8,53,POLK,1341,MCLAUGHLIN MIDDLE SCHOOL,210,52
8,53,POLK,1381,ROOSEVELT ACADEMY,39,0
8,53,POLK,1491,GAUSE ACADEMY OF LEADERSHIP,40,10
8,53,POLK,1501,CRYSTAL LAKE MIDDLE SCHOOL,331,33
8,53,POLK,1591,MAYNARD A. TRAVISS CAREER CENTER,3,-1
8,53,POLK,1601,BOK ACADEMY,173,61
8,53,POLK,1662,LAKE ALFRED-ADDAIR MIDDLE SCHOOL,249,23
8,53,POLK,1671,MCKEEL ACADEMY OF TECHNOLOGY,263,67
8,53,POLK,1761,LAKE GIBSON MIDDLE SCHOOL,409,35
8,53,POLK,1771,LAKELAND HIGHLANDS MIDDLE SCHOOL,405,45
8,53,POLK,1801,FROSTPROOF MIDDLE/SENIOR HIGH,150,24
8,53,POLK,1861,ROSABELLE W. BLAKE ACADEMY,91,59
8,53,POLK,1961,DISCOVERY ACADEMY OF LAKE ALFRED,298,40
8,53,POLK,1971,SLEEPY HILL MIDDLE SCHOOL,269,41
8,53,POLK,1981,DUNDEE RIDGE MIDDLE SCHOOL,410,30
8,53,POLK,2001,BILL DUNCAN OPPORTUNITY CENTER,45,7
8,53,POLK,7001,POLK VIRTUAL INSTRUCTION PROGRAM,1,-1
8,53,POLK,7023,POLK FULL TIME ESCHOOL,1,-1
8,53,POLK,8004,NEW BEGINNINGS HIGH SCHOOL,6,-1
8,53,POLK,8006,OUR CHILDRENS MIDDLE ACADEMY,9,-1
8,53,POLK,8140,LAKELAND MONTESSORI MIDDLE SCHOOL,30,67
8,53,POLK,8142,BERKLEY ACCELERATED MIDDLE SCHOOL,148,68
8,53,POLK,9003,HOSPITAL HOMEBOUND,17,24
8,53,POLK,9221,NEW HORIZONS,2,-1
8,53,POLK,9233,SHERIFF'S YOUTH VILLA,7,-1
8,53,POLK,9255,ESE COUNTYWIDE,5,-1
8,54,PUTNAM,61,PUTNAM ACADEMY OF ARTS AND SCIENCES,22,55
8,54,PUTNAM,113,C. H. PRICE MIDDLE SCHOOL,186,45
8,54,PUTNAM,125,Q.I. ROBERTS JR. - SR. HIGH SCHOOL,80,29
8,54,PUTNAM,171,ROBERT H. JENKINS JR. MIDDLE,355,29
8,54,PUTNAM,261,CRESCENT CITY JR/SR HIGH SCHL,143,38
8,54,PUTNAM,321,ELEANOR H. MILLER SCHOOL,4,-1
8,54,PUTNAM,7004,PUTNAM VIRTUAL FRANCHISE,1,-1
8,55,ST JOHNS,11,ACADEMY FOR BUSINESS AND LEADERSHIP,43,51
8,55,ST JOHNS,32,GAINES ALTERNATIVE AT HAMBLEN,10,10
8,55,ST JOHNS,33,ST. JOHNS TECHNICAL HIGH SCHOOL,15,20
8,55,ST JOHNS,61,ST JOHNS COUNTY TRANSITION PROGRAM,2,-1
8,55,ST JOHNS,171,R J MURRAY MIDDLE SCHOOL,233,57
8,55,ST JOHNS,301,SEBASTIAN MIDDLE SCHOOL,210,50
8,55,ST JOHNS,311,ALICE B. LANDRUM MIDDLE SCHOOL,439,86
8,55,ST JOHNS,321,SWITZERLAND POINT MIDDLE SCHOOL,404,79
8,55,ST JOHNS,371,GAMBLE ROGERS MIDDLE SCHOOL,284,52
8,55,ST JOHNS,472,LIBERTY PINES ACADEMY,149,91
8,55,ST JOHNS,481,PACETTI BAY MIDDLE SCHOOL,365,78
8,55,ST JOHNS,491,FRUIT COVE MIDDLE SCHOOL,444,86
8,55,ST JOHNS,7001,ST. JOHNS VIRTUAL K-8,1,-1
8,55,ST JOHNS,7004,ST. JOHNS VIRTUAL FRANCHISE,17,88
8,56,ST LUCIE,51,FORT PIERCE MAGNET K-8 SCHOOL,43,33
8,56,ST LUCIE,72,DAN MCCARTY SCHOOL,172,26
8,56,ST LUCIE,121,LINCOLN PARK ACADEMY,253,68
8,56,ST LUCIE,131,ST. LUCIE WEST K-8 SCHOOL,247,50
8,56,ST LUCIE,141,SAMUEL S. GAINES ACADEMY K-8,142,21
8,56,ST LUCIE,151,ALLAPATTAH FLATS K-8,154,39
8,56,ST LUCIE,205,DALE CASSENS EDUCATION COMPLEX,57,9
8,56,ST LUCIE,261,NORTHPORT K-8 SCHOOL,205,38
8,56,ST LUCIE,331,SOUTHPORT MIDDLE SCHOOL,292,58
8,56,ST LUCIE,351,OAK HAMMOCK K-8 SCHOOL,241,50
8,56,ST LUCIE,361,MANATEE ACADEMY K-8,200,40
8,56,ST LUCIE,371,FOREST GROVE MIDDLE SCHOOL,279,40
8,56,ST LUCIE,391,SOUTHERN OAKS MIDDLE SCHOOL,326,50
8,56,ST LUCIE,421,WEST GATE K-8 SCHOOL,172,68
8,56,ST LUCIE,703,NAU CHARTER SCHOOL,45,40
8,56,ST LUCIE,711,RENAISSANCE CHARTER SCHOOL OF ST. L,122,44
8,56,ST LUCIE,5003,DATA HOUSE,1,-1
8,56,ST LUCIE,5005,ST. LUCIE COUNTY SCHOOL BOARD-JAIL,2,-1
8,56,ST LUCIE,7001,ST. LUCIE VIRTUAL INSTRUCTION PROGR,7,-1
8,56,ST LUCIE,7023,MOSAIC DIGITAL LRNING ACAD ST LUCIE,13,62
8,57,SANTA ROSA,21,CENTRAL SCHOOL,76,54
8,57,SANTA ROSA,102,GULF BREEZE MIDDLE SCHOOL,297,78
8,57,SANTA ROSA,141,JAY HIGH SCHOOL,64,58
8,57,SANTA ROSA,231,HOBBS MIDDLE SCHOOL,225,57
8,57,SANTA ROSA,261,MARTIN LUTHER KING MIDDLE SCHOOL,183,54
8,57,SANTA ROSA,272,HOLLEY-NAVARRE MIDDLE SCHOOL,276,62
8,57,SANTA ROSA,302,AVALON MIDDLE SCHOOL,243,54
8,57,SANTA ROSA,332,THOMAS L SIMS MIDDLE SCHOOL,308,75
8,57,SANTA ROSA,361,WOODLAWN BEACH MIDDLE SCHOOL,347,66
8,57,SANTA ROSA,7001,SANTA ROSA ONLINE VIRTUAL INSTRUC,3,-1
8,57,SANTA ROSA,7004,SANTA ROSA VIRTUAL FRANCHISE,10,70
8,57,SANTA ROSA,8001,LEARNING ACADEMY OF SANTA ROSA,26,19
8,57,SANTA ROSA,9060,BERRYHILL ADMINISTRATIVE COMPLEX,2,-1
8,58,SARASOTA,21,PINE VIEW SCHOOL,252,97
8,58,SARASOTA,31,SARASOTA MIDDLE SCHOOL,375,76
8,58,SARASOTA,81,SUNCOAST SCHOOL FOR INN.STUD.,50,48
8,58,SARASOTA,83,SARASOTA SCHOOL OF ARTS/SCIENCES,248,69
8,58,SARASOTA,84,BOOKER MIDDLE SCHOOL,278,37
8,58,SARASOTA,90,ISLAND VILLAGE MONTESSORI SCHOOL,38,82
8,58,SARASOTA,102,STUDENT LEADERSHIP ACADEMY,114,72
8,58,SARASOTA,103,IMAGINE SCHOOL AT NORTH PORT,103,47
8,58,SARASOTA,106,IMAGINE SCHOOL AT PALMER RANCH,83,67
8,58,SARASOTA,110,SKY ACADEMY,105,50
8,58,SARASOTA,111,BROOKSIDE MIDDLE SCHOOL,286,48
8,58,SARASOTA,113,SARASOTA ACADEMY OF THE ARTS,16,56
8,58,SARASOTA,141,MCINTOSH MIDDLE SCHOOL,274,52
8,58,SARASOTA,293,OAK PARK SCHOOL,6,-1
8,58,SARASOTA,294,TRIAD,34,35
8,58,SARASOTA,451,VENICE MIDDLE SCHOOL,192,59
8,58,SARASOTA,1211,LAUREL NOKOMIS SCHOOL,141,74
8,58,SARASOTA,1261,HERON CREEK MIDDLE SCHOOL,292,51
8,58,SARASOTA,1291,WOODLAND MIDDLE SCHOOL,259,39
8,58,SARASOTA,1311,OAK PARK SOUTH,1,-1
8,58,SARASOTA,7001,SARASOTA VIRTUAL INSTRUCTION PROGRA,7,-1
8,59,SEMINOLE,101,MILWEE MIDDLE SCHOOL,423,58
8,59,SEMINOLE,151,SANFORD MIDDLE SCHOOL,475,63
8,59,SEMINOLE,182,MILLENNIUM MIDDLE SCHOOL,572,53
8,59,SEMINOLE,201,SOUTH SEMINOLE MIDDLE SCHOOL,405,50
8,59,SEMINOLE,291,JACKSON HEIGHTS MIDDLE SCHOOL,405,73
8,59,SEMINOLE,311,ENDEAVOR SCHOOL,4,-1
8,59,SEMINOLE,501,TEAGUE MIDDLE SCHOOL,491,55
8,59,SEMINOLE,541,TUSKAWILLA MIDDLE SCHOOL,407,62
8,59,SEMINOLE,571,JOURNEYS ACADEMY,59,3
8,59,SEMINOLE,621,ROCK LAKE MIDDLE SCHOOL,314,67
8,59,SEMINOLE,671,GREENWOOD LAKES MIDDLE SCHOOL,302,51
8,59,SEMINOLE,711,INDIAN TRAILS MIDDLE SCHOOL,332,55
8,59,SEMINOLE,721,CHILES MIDDLE SCHOOL,464,69
8,59,SEMINOLE,731,MARKHAM WOODS MIDDLE SCHOOL,361,62
8,59,SEMINOLE,7004,SEMINOLE COUNTY VIRTUAL FRANCHISE ,31,68
8,59,SEMINOLE,9207,HOSPITAL HOMEBOUND PROGRAM,2,-1
8,59,SEMINOLE,9215,BOYS TOWN,3,-1
8,59,SEMINOLE,9224,SCPS CONSEQUENCE UNIT,8,-1
8,59,SEMINOLE,9234,SEMINOLE COUNTY DETENTION CENTER,1,-1
8,60,SUMTER,42,SOUTH SUMTER MIDDLE SCHOOL,276,49
8,60,SUMTER,161,WILDWOOD MIDDLE/HIGH SCHOOL,105,23
8,60,SUMTER,171,SOUTH SUMTER HIGH SCHOOL,1,-1
8,60,SUMTER,2001,VILLAGES CHARTER SCHOOL,212,67
8,60,SUMTER,3001,SUMTER ALTERNATIVES,12,17
8,61,SUWANNEE,51,SUWANNEE MIDDLE SCHOOL,343,42
8,61,SUWANNEE,91,BRANFORD HIGH SCHOOL,100,44
8,61,SUWANNEE,7004,SUWANNEE VIRTUAL FRANCHISE,1,-1
8,61,SUWANNEE,9003,FLORIDA SHERIFF'S BOYS RANCH,7,-1
8,62,TAYLOR,31,TAYLOR COUNTY MIDDLE SCHOOL,211,50
8,63,UNION,22,LAKE BUTLER MIDDLE SCHOOL,172,58
8,63,UNION,2021,THE OUTPOST,6,-1
8,64,VOLUSIA,745,CAMPBELL MIDDLE SCHOOL,276,36
8,64,VOLUSIA,1531,DELAND MIDDLE SCHOOL,343,46
8,64,VOLUSIA,1702,DELTONA MIDDLE SCHOOL,363,50
8,64,VOLUSIA,2041,HIGHBANKS LEARNING CENTER,7,-1
8,64,VOLUSIA,2721,HOLLY HILL SCHOOL,115,34
8,64,VOLUSIA,3431,SILVER SANDS MIDDLE SCHOOL,345,64
8,64,VOLUSIA,3931,NEW SMYRNA BEACH MIDDLE SCHOOL,370,63
8,64,VOLUSIA,4235,ORMOND BEACH MIDDLE SCHOOL,387,71
8,64,VOLUSIA,5434,RIVERVIEW LEARNING CENTER,9,-1
8,64,VOLUSIA,6343,SOUTHWESTERN MIDDLE SCHOOL,208,39
8,64,VOLUSIA,6633,T. DEWITT TAYLOR MIDDLE-HIGH,157,43
8,64,VOLUSIA,6791,GALAXY MIDDLE SCHOOL,342,54
8,64,VOLUSIA,7001,VOLUSIA COUNTY VIRTUAL INSTRUCTION,12,50
8,64,VOLUSIA,7621,IVY HAWN CHARTER SCHOOL OF THE ARTS,58,59
8,64,VOLUSIA,7631,BURNS SCIENCE AND TECHNOLOGY CHARTE,29,52
8,64,VOLUSIA,7741,RIVER SPRINGS MIDDLE SCHOOL,452,58
8,64,VOLUSIA,7771,HERITAGE MIDDLE SCHOOL,386,52
8,64,VOLUSIA,7791,CREEKSIDE MIDDLE SCHOOL,364,71
8,64,VOLUSIA,7831,DAVID C HINSON SR MIDDLE SCHOOL,263,71
8,64,VOLUSIA,7841,THE CHILES ACADEMY,3,-1
8,64,VOLUSIA,7892,RICHARD MILBURN ACADEMY MIDDLE SCH,32,9
8,64,VOLUSIA,9802,HALIFAX BEHAVIORAL SERVICES,2,-1
8,64,VOLUSIA,9892,STEWART TREATMENT CENTER,5,-1
8,65,WAKULLA,5,WAKULLA COAST CHARTER SCHOOL OF ART,16,75
8,65,WAKULLA,12,RIVERSPRINGS MIDDLE SCHOOL,165,56
8,65,WAKULLA,21,SECOND CHANCE SCHOOL-SOPCHOPPY,8,-1
8,65,WAKULLA,81,WAKULLA MIDDLE SCHOOL,203,59
8,65,WAKULLA,7001,WAKULLA COUNTY VIRTUAL INSTRUCTION,1,-1
8,66,WALTON,101,PAXTON SCHOOL,46,74
8,66,WALTON,146,FREEPORT MIDDLE SCHOOL,83,64
8,66,WALTON,152,EMERALD COAST MIDDLE SCHOOL,155,71
8,66,WALTON,201,WALTON MIDDLE SCHOOL,207,46
8,66,WALTON,282,WALTON INITIATIVE FOR SUCCESS IN ED,7,-1
8,66,WALTON,1110,SEASIDE NEIGHBORHOOD SCHOOL,41,93
8,66,WALTON,1111,WALTON ACADEMY INC.,34,9
8,66,WALTON,9010,WALTON COUNTY JAIL PROGRAM,0,-1
8,67,WASHINGTON,52,VERNON MIDDLE SCHOOL,114,51
8,67,WASHINGTON,101,ROULHAC MIDDLE SCHOOL,143,53
8,68,FSDB,12,DEAF MIDDLE SCHOOL (FSDB),32,6
8,68,FSDB,15,BLIND MIDDLE SCHOOL (FSDB),17,24
8,71,FL VIRTUAL,300,FLVS FULL TIME K-8,383,66
8,72,FAU LAB SCH,11,A.D. HENDERSON UNIVERSITY SCHOOL,67,70
8,72,FAU LAB SCH,20,FAU/SLCSD PALM POINTE RESEARCH SCHO,161,71
8,73,FSU LAB SCH,341,FLORIDA STATE UNIVERSITY SCHOOL,178,67
8,74,FAMU LAB SCH,351,FAMU DEVELOP RESEARCH,41,22
8,75,UF LAB SCH,391,P.K. YONGE DEVELOPMENTAL RESEARCH S,110,59
